statDate,q1,q2,auto,geo,gender,age,poll
16.12.19 23:57,Авто .ру,"drom·ru, auto·ru, avito·ru","Да, я его вожу",в Челябинске,Мужчина,35-44 лет,chel01
17.12.19 02:12,Дром. ру,"drom·ru, auto·ru, avito·ru","Да, я его вожу",в Челябинске,Мужчина,51 и более лет,chel01
17.12.19 02:13,Дром.ру,"drom·ru, auto·ru, avito·ru","Да, я его вожу",в Челябинске,Мужчина,51 и более лет,chel01
17.12.19 02:19,Авто .ру,drom·ru,"Да, но я его не вожу",в Челябинске,Женщина,25-34 лет,chel01
17.12.19 02:20,Мопми,drom·ru,"Да, я его вожу",в Челябинской области,Мужчина,45-50 лет,chel01
17.12.19 03:24,Авито,"drom·ru, avito·ru","Да, я его вожу",в Челябинске,Мужчина,45-50 лет,chel01
17.12.19 03:30,Из рук в руки,Из рук в руки или тумба,"Да, я его вожу",в Челябинске,Мужчина,25-34 лет,chel01
17.12.19 04:40,Авто.ру,auto·ru,"Да, я его вожу",в Челябинске,Мужчина,51 и более лет,chel01
17.12.19 05:24,Drom,drom·ru,"Да, я его вожу",в Челябинске,Мужчина,35-44 лет,chel01
17.12.19 05:42,"Д-ром, авто.ру","drom·ru, auto·ru","Да, я его вожу",в Челябинске,Мужчина,45-50 лет,chel01
17.12.19 06:10,Ни одного,Аааа,Нет,в Челябинске,Мужчина,51 и более лет,chel01
17.12.19 06:38,Авито,"drom·ru, auto·ru, avito·ru","Да, я его вожу",в Челябинске,Мужчина,35-44 лет,chel01
17.12.19 07:10,"Я и так перешёл на ваш сраный опрос, так вы еще и заставляете меня писать что то. Составители теста, вы там совсем ахуели? Я бы уволил вас нахуй. ","drom·ru, auto·ru, avito·ru",Нет,в Челябинской области,Женщина,35-44 лет,chel01
17.12.19 12:27,Несколько ,"drom·ru, auto·ru, avito·ru","Да, я его вожу",в Челябинске,Мужчина,35-44 лет,chel01
17.12.19 12:55,Дром ,"drom·ru, auto·ru, avito·ru","Да, но я его не вожу",в Челябинске,Мужчина,25-34 лет,chel01
17.12.19 14:39,Дром ру,"drom·ru, auto·ru","Да, я его вожу",в Челябинске,Мужчина,45-50 лет,chel01
17.12.19 17:34,"Авито, авто.ру",avito·ru,"Да, я его вожу",в Челябинске,Мужчина,45-50 лет,chel01
17.12.19 20:03,Никакие,Нигде,Нет,в Челябинске,Мужчина,18-24 лет,chel01
17.12.19 20:06,дром,drom·ru,Нет,в Челябинске,Мужчина,51 и более лет,chel01
17.12.19 22:05,"Авто.ру, авито-авто",auto·ru,Нет,в Челябинске,Мужчина,менее 18 лет,chel01
17.12.19 23:31,Автору,"drom·ru, auto·ru, avito·ru","Да, я его вожу",в Челябинске,Мужчина,45-50 лет,chel01
18.12.19 00:57,Дром. Ру,"drom·ru, avito·ru",Нет,в Челябинске,Мужчина,35-44 лет,chel01
18.12.19 00:58,Авито. ,"drom·ru, auto·ru, avito·ru",Нет,в Челябинске,Мужчина,35-44 лет,chel01
18.12.19 01:32,вы лохи,"drom·ru, auto·ru, avito·ru","Да, но я его не вожу",в Челябинске,Женщина,18-24 лет,chel01
18.12.19 01:46,"Авито, Дром",drom·ru,"Да, я его вожу",в Челябинске,Мужчина,51 и более лет,chel01
18.12.19 02:01,Авто. Ру,auto·ru,"Да, но я его не вожу",в Челябинске,Женщина,25-34 лет,chel01
18.12.19 03:04,Авито,"drom·ru, auto·ru, avito·ru","Да, но я его не вожу",в Челябинске,Мужчина,менее 18 лет,chel01
18.12.19 03:06,Авито,"drom·ru, avito·ru","Да, я его вожу",в Челябинске,Мужчина,51 и более лет,chel01
18.12.19 03:27,"Дром, авто.ру, Авито","drom·ru, auto·ru, avito·ru","Да, я его вожу",в Челябинске,Мужчина,25-34 лет,chel01
18.12.19 04:31,No,"drom·ru, auto·ru, avito·ru",Нет,в Челябинске,Мужчина,25-34 лет,chel01
18.12.19 04:33,74ру,"drom·ru, auto·ru","Да, я его вожу",в Челябинске,Мужчина,45-50 лет,chel01
18.12.19 04:33,74ру,"drom·ru, auto·ru","Да, я его вожу",в Челябинске,Мужчина,45-50 лет,chel01
18.12.19 04:39,drom.ru,nothing,"Да, я его вожу",в Челябинске,Мужчина,25-34 лет,chel01
18.12.19 04:43,Авто ру . Авито,"auto·ru, avito·ru","Да, я его вожу",в Челябинске,Мужчина,25-34 лет,chel01
18.12.19 05:18,Auto.ru,"auto·ru, avito·ru","Да, я его вожу",в Челябинске,Мужчина,25-34 лет,chel01
18.12.19 05:35,Авито,avito·ru,"Да, я его вожу",в Челябинске,Мужчина,35-44 лет,chel01
18.12.19 06:08,Дом.ру,drom·ru,Нет,в Челябинске,Мужчина,35-44 лет,chel01
18.12.19 08:59,"Дром, Авито,,авто.ру,юла","drom·ru, auto·ru, avito·ru",Нет,в Челябинске,Мужчина,51 и более лет,chel01
18.12.19 10:45,Www,На заборе,Нет,в Челябинске,Мужчина,45-50 лет,chel01
18.12.19 13:49,никакие,avito·ru,"Да, но я его не вожу",в Челябинске,Мужчина,51 и более лет,chel01
18.12.19 16:21,авто дром,drom·ru,"Да, я его вожу",в Челябинске,Мужчина,менее 18 лет,chel01
18.12.19 17:15,Дром авито,"drom·ru, avito·ru","Да, я его вожу",в Челябинске,Мужчина,25-34 лет,chel01
18.12.19 17:19,Автору,avito·ru,"Да, я его вожу",в Челябинске,Мужчина,51 и более лет,chel01
18.12.19 17:26,Не знаю никакие,auto·ru,Нет,в Челябинске,Женщина,25-34 лет,chel01
18.12.19 17:27,Авито .ру,auto·ru,Нет,в Челябинске,Женщина,25-34 лет,chel01
18.12.19 17:37,Ам. Ру дром. Ру,"drom·ru, auto·ru, avito·ru","Да, я его вожу",в Челябинске,Мужчина,35-44 лет,chel01
18.12.19 17:41,Д-ром авито юла,"drom·ru, avito·ru","Да, я его вожу",в Челябинске,Мужчина,51 и более лет,chel01
18.12.19 17:42,Д-ром авито юла,"drom·ru, avito·ru","Да, я его вожу",в Челябинске,Мужчина,51 и более лет,chel01
18.12.19 17:45,"Дром, авто.ру","drom·ru, auto·ru","Да, но я его не вожу",в Челябинске,Мужчина,35-44 лет,chel01
18.12.19 17:46,Никаких,"drom·ru, avito·ru","Да, я его вожу",в Челябинске,Мужчина,35-44 лет,chel01
18.12.19 17:58,Авито,drom·ru,"Да, но я его не вожу",в Челябинске,Мужчина,45-50 лет,chel01
18.12.19 18:09,Авито,drom·ru,"Да, я его вожу",в Челябинске,Мужчина,45-50 лет,chel01
18.12.19 18:18,Авто ру,auto·ru,"Да, но я его не вожу",в Челябинске,Мужчина,менее 18 лет,chel01
18.12.19 18:58,авто ру,auto·ru,"Да, но я его не вожу",в Челябинской области,Женщина,51 и более лет,chel01
18.12.19 19:26,Авито,drom·ru,"Да, но я его не вожу",в Челябинской области,Женщина,25-34 лет,chel01
18.12.19 19:38,Авито,"drom·ru, auto·ru, avito·ru","Да, я его вожу",в Челябинске,Мужчина,51 и более лет,chel01
18.12.19 19:44,"Авито, дром","drom·ru, avito·ru","Да, я его вожу",в Челябинске,Мужчина,25-34 лет,chel01
18.12.19 19:49,Авито,avito·ru,Нет,в Челябинске,Женщина,35-44 лет,chel01
18.12.19 20:34,никакие,avito·ru,"Да, но я его не вожу",в Челябинске,Женщина,45-50 лет,chel01
18.12.19 20:41,Дром.ру,drom·ru,"Да, я его вожу",в Челябинске,Мужчина,45-50 лет,chel01
18.12.19 20:45,Drom.ru,"drom·ru, auto·ru, avito·ru","Да, я его вожу",в Челябинске,Мужчина,51 и более лет,chel01
18.12.19 21:21,Drom,"drom·ru, auto·ru, avito·ru","Да, но я его не вожу",в Челябинске,Женщина,18-24 лет,chel01
18.12.19 21:37,авито,"drom·ru, auto·ru, avito·ru","Да, но я его не вожу",в Челябинске,Женщина,менее 18 лет,chel01
18.12.19 21:44,74.ru,"drom·ru, auto·ru, avito·ru","Да, я его вожу",в Челябинске,Мужчина,51 и более лет,chel01
18.12.19 21:47,"Даром, авито, юла, 74ру","drom·ru, auto·ru, avito·ru","Да, я его вожу",в Челябинске,Мужчина,25-34 лет,chel01
18.12.19 21:50,Автор.ру,"drom·ru, auto·ru","Да, я его вожу",в Челябинске,Мужчина,51 и более лет,chel01
18.12.19 21:53,Авито,"drom·ru, auto·ru, avito·ru, Юла",Нет,в Челябинске,Мужчина,25-34 лет,chel01
18.12.19 22:01,From. Ru,drom·ru,"Да, но я его не вожу",в Челябинске,Мужчина,25-34 лет,chel01
18.12.19 22:04,не знаю,ни где,"Да, я его вожу",в Челябинске,Мужчина,51 и более лет,chel01
18.12.19 22:05,Drom. Ru,"drom·ru, auto·ru, avito·ru",Нет,в Челябинске,Мужчина,35-44 лет,chel01
18.12.19 22:18,"auto.ru, drom.ru","drom·ru, auto·ru, avito·ru",Нет,в Челябинске,Мужчина,18-24 лет,chel01
18.12.19 22:23,хуй,335,"Да, я его вожу",троицк,Женщина,51 и более лет,chel01
18.12.19 22:35,Авто. Ру,"drom·ru, auto·ru, avito·ru","Да, но я его не вожу",в Челябинске,Мужчина,менее 18 лет,chel01
18.12.19 22:38,авито дром драйв 2 юла,"drom·ru, auto·ru, avito·ru, драйв 2","Да, я его вожу",в Челябинске,Мужчина,25-34 лет,chel01
18.12.19 22:56,"Avito, Auto.ru, Drom.ru","drom·ru, auto·ru, avito·ru","Да, я его вожу",в Челябинске,Мужчина,25-34 лет,chel01
18.12.19 22:59,Авито,"drom·ru, auto·ru, avito·ru","Да, я его вожу",в Челябинске,Мужчина,35-44 лет,chel01
18.12.19 23:35,Авито,"drom·ru, auto·ru, avito·ru","Да, я его вожу",в Челябинске,Женщина,18-24 лет,chel01
18.12.19 23:35,Авито,"drom·ru, auto·ru, avito·ru","Да, я его вожу",в Челябинске,Женщина,18-24 лет,chel01
18.12.19 23:42,хуй знает,хуй знает,Нет,в Челябинске,Мужчина,менее 18 лет,chel01
18.12.19 23:46,"Авто ру ,дром ру.","drom·ru, auto·ru",Нет,в Челябинске,Мужчина,45-50 лет,chel01
18.12.19 23:55,хз,drom·ru,"Да, я его вожу",в Челябинске,Мужчина,18-24 лет,chel01
19.12.19 00:27,Дром ру,drom·ru,"Да, я его вожу",в Челябинске,Мужчина,51 и более лет,chel01
19.12.19 00:28,Авито,"drom·ru, avito·ru",Нет,в Челябинске,Мужчина,25-34 лет,chel01
19.12.19 00:29,Дром,"drom·ru, auto·ru, avito·ru","Да, я его вожу",в Челябинске,Мужчина,45-50 лет,chel01
19.12.19 00:34,Трейдин ,avito·ru,"Да, я его вожу",в Челябинске,Женщина,35-44 лет,chel01
19.12.19 00:42,Незнаю,Нигде ,"Да, я его вожу",в Челябинске,Мужчина,51 и более лет,chel01
19.12.19 00:47,Авто ру,auto·ru,"Да, но я его не вожу",в Челябинске,Мужчина,менее 18 лет,chel01
19.12.19 00:47,Drom.ru,drom·ru,"Да, я его вожу",в Челябинске,Мужчина,35-44 лет,chel01
19.12.19 00:51,Авто,auto·ru,"Да, я его вожу",в Челябинске,Мужчина,51 и более лет,chel01
19.12.19 00:55,"DROM.RU, AUTO.RU, AVITO. RU, YOULA. RU","drom·ru, auto·ru, avito·ru, YOULA. RU","Да, я его вожу",в Челябинске,Мужчина,35-44 лет,chel01
19.12.19 00:56,Дром.ру,"drom·ru, auto·ru",Нет,в Челябинске,Мужчина,35-44 лет,chel01
19.12.19 01:10,Авто ру,drom·ru,"Да, я его вожу",в Челябинске,Мужчина,35-44 лет,chel01
19.12.19 01:25,Drom,avito·ru,"Да, но я его не вожу",в Челябинске,Мужчина,35-44 лет,chel01
19.12.19 01:25,Незнаю,Нигде,Нет,в Челябинске,Мужчина,51 и более лет,chel01
19.12.19 01:26,drom.ru,"drom·ru, avito·ru",Нет,в Челябинске,Мужчина,25-34 лет,chel01
19.12.19 01:48,"Дром, авито, 74 авто","drom·ru, auto·ru, avito·ru, Инстаграм, задняя дверь авто","Да, я его вожу",в Челябинске,Мужчина,35-44 лет,chel01
19.12.19 01:51,"Avito, Drom","drom·ru, auto·ru","Да, но я его не вожу",в Челябинске,Мужчина,менее 18 лет,chel01
19.12.19 01:56,"авито, дром.ру, 74,ру","drom·ru, avito·ru","Да, я его вожу",в Челябинске,Мужчина,51 и более лет,chel01
19.12.19 01:57,Дром,"drom·ru, auto·ru, avito·ru","Да, я его вожу",в Челябинске,Мужчина,35-44 лет,chel01
19.12.19 02:04,Авито,avito·ru,Нет,в Челябинске,Мужчина,45-50 лет,chel01
19.12.19 02:05,drom.ru,drom·ru,"Да, но я его не вожу",в Челябинске,Мужчина,менее 18 лет,chel01
19.12.19 02:10,рп укеап,ырпвеапкепу,"Да, но я его не вожу",аепскаг,Мужчина,менее 18 лет,chel01
19.12.19 02:16,Дрон ру,drom·ru,"Да, я его вожу",в Челябинске,Мужчина,51 и более лет,chel01
19.12.19 02:22,Avto ru,auto·ru,Нет,в Челябинске,Мужчина,25-34 лет,chel01
19.12.19 02:39,Нет,avito·ru,Нет,в Челябинске,Женщина,51 и более лет,chel01
19.12.19 02:41,Дромру,"drom·ru, 74.ру",Нет,в Челябинске,Мужчина,25-34 лет,chel01
19.12.19 02:42,Авито,avito·ru,Нет,в Челябинске,Мужчина,35-44 лет,chel01
19.12.19 02:48,Ни одного,Нигде,Нет,в Челябинске,Мужчина,45-50 лет,chel01
19.12.19 02:49,"Дром, авито, авточел, автору",drom·ru,"Да, я его вожу",в Челябинске,Мужчина,35-44 лет,chel01
19.12.19 03:10,Авто ру,"auto·ru, avito·ru",Нет,Кунашак,Мужчина,25-34 лет,chel01
19.12.19 03:12,"Дром, Авто.ру, Автоспот","drom·ru, auto·ru","Да, я его вожу",в Челябинске,Мужчина,35-44 лет,chel01
19.12.19 03:17,Toyota,drom·ru,"Да, но я его не вожу",в Челябинске,Женщина,менее 18 лет,chel01
19.12.19 03:20,Авито,"auto·ru, avito·ru","Да, я его вожу",в Челябинске,Мужчина,35-44 лет,chel01
19.12.19 03:24,Авто.ру,auto·ru,"Да, я его вожу",в Челябинске,Мужчина,35-44 лет,chel01
19.12.19 03:28,Разные,Нигде,"Да, но я его не вожу",в Челябинске,Мужчина,25-34 лет,chel01
19.12.19 03:32,Дром ,drom·ru,"Да, я его вожу",в Челябинске,Мужчина,51 и более лет,chel01
19.12.19 03:39,Аuto,auto·ru,"Да, я его вожу",в Челябинске,Мужчина,25-34 лет,chel01
19.12.19 03:42,Авито 74ru юла ,"drom·ru, avito·ru","Да, я его вожу",в Челябинске,Мужчина,35-44 лет,chel01
19.12.19 03:47,Auto.ru,"drom·ru, auto·ru, avito·ru","Да, я его вожу",в Челябинске,Мужчина,51 и более лет,chel01
19.12.19 03:47,"Авито, дром.","drom·ru, auto·ru, avito·ru","Да, я его вожу",в Челябинске,Мужчина,35-44 лет,chel01
19.12.19 03:49,"Дром, авито, автору","drom·ru, auto·ru, avito·ru","Да, я его вожу",в Челябинске,Мужчина,25-34 лет,chel01
19.12.19 03:59,Дром. Авито. Авто.ру,"drom·ru, auto·ru, avito·ru","Да, я его вожу",в Челябинске,Мужчина,35-44 лет,chel01
19.12.19 04:06,"Drom, auto.ru","drom·ru, auto·ru, avito·ru","Да, я его вожу",в Челябинске,Мужчина,25-34 лет,chel01
19.12.19 04:06,Авито,avito·ru,Нет,в Челябинске,Женщина,35-44 лет,chel01
19.12.19 04:13,Дром ру. Авто ру. ,"drom·ru, auto·ru, avito·ru, Юла","Да, я его вожу",в Челябинске,Мужчина,45-50 лет,chel01
19.12.19 04:14,авито дром,"drom·ru, avito·ru","Да, я его вожу",в Челябинске,Мужчина,51 и более лет,chel01
19.12.19 04:23,Дром,"drom·ru, auto·ru","Да, я его вожу",в Челябинске,Мужчина,25-34 лет,chel01
19.12.19 04:27,Что такое сайты ? Что такое приложения ?,Автомобили.рус,Нет,Нью-йорк,Женщина,менее 18 лет,chel01
19.12.19 04:28,Пре,drom·ru,"Да, я его вожу",в Челябинской области,Мужчина,35-44 лет,chel01
19.12.19 04:41,Авто.ру,auto·ru,"Да, я его вожу",в Челябинске,Мужчина,35-44 лет,chel01
19.12.19 04:49,Дром,drom·ru,"Да, я его вожу",в Челябинске,Мужчина,35-44 лет,chel01
19.12.19 04:49,Не знаю,auto·ru,"Да, я его вожу",в Челябинской области,Мужчина,51 и более лет,chel01
19.12.19 04:56,Ппп,Ош,"Да, я его вожу",в Челябинске,Мужчина,18-24 лет,chel01
19.12.19 05:02,дром,drom·ru,"Да, я его вожу",в Челябинске,Мужчина,45-50 лет,chel01
19.12.19 05:05,Rvvg,"drom·ru, auto·ru, avito·ru","Да, но я его не вожу",в Челябинске,Мужчина,менее 18 лет,chel01
19.12.19 05:06,Никаких,auto·ru,"Да, я его вожу",в Челябинске,Женщина,45-50 лет,chel01
19.12.19 05:15,"Auto.ru, Drom.ru",auto·ru,"Да, я его вожу",в Челябинске,Мужчина,35-44 лет,chel01
19.12.19 05:42,Drom. Ru,"drom·ru, auto·ru","Да, я его вожу",в Челябинске,Мужчина,35-44 лет,chel01
19.12.19 05:42,Drom. Ru,"drom·ru, auto·ru","Да, я его вожу",в Челябинске,Мужчина,35-44 лет,chel01
19.12.19 05:44,Дром,drom·ru,Нет,в Челябинске,Мужчина,25-34 лет,chel01
19.12.19 05:45,Авито,avito·ru,Нет,в Челябинске,Мужчина,35-44 лет,chel01
19.12.19 06:01,Drom.ru Auto.ru Avito,"drom·ru, auto·ru, avito·ru","Да, я его вожу",в Челябинске,Мужчина,25-34 лет,chel01
19.12.19 06:22,BMW,"drom·ru, avito·ru","Да, я его вожу",в Челябинске,Мужчина,25-34 лет,chel01
19.12.19 06:34,drom.ru,drom·ru,"Да, я его вожу",в Челябинске,Мужчина,51 и более лет,chel01
19.12.19 06:40,Drom.RU,drom·ru,"Да, но я его не вожу",в Челябинске,Мужчина,25-34 лет,chel01
19.12.19 06:44,"Авито, ебай","drom·ru, auto·ru, avito·ru","Да, но я его не вожу",в Челябинске,Мужчина,45-50 лет,chel01
19.12.19 06:45,"Авито, ебай","drom·ru, auto·ru, avito·ru","Да, но я его не вожу",в Челябинске,Мужчина,45-50 лет,chel01
19.12.19 07:08,Авито,avito·ru,"Да, я его вожу",в Челябинске,Мужчина,25-34 лет,chel01
19.12.19 07:08,Авито,avito·ru,"Да, я его вожу",в Челябинске,Женщина,35-44 лет,chel01
19.12.19 09:49,дром.ру,"drom·ru, auto·ru, avito·ru","Да, я его вожу",в Челябинске,Мужчина,45-50 лет,chel01
19.12.19 10:13,Авто. Ру. Дром ру авито,"drom·ru, auto·ru","Да, я его вожу",в Челябинске,Мужчина,45-50 лет,chel01
19.12.19 10:48,Авито,avito·ru,"Да, я его вожу",в Челябинске,Мужчина,45-50 лет,chel01
19.12.19 10:54,Дром и автору,"drom·ru, auto·ru, avito·ru","Да, я его вожу",в Челябинске,Мужчина,25-34 лет,chel01
19.12.19 11:02,Дром ю. Ру. ,drom·ru,Нет,в Челябинске,Мужчина,35-44 лет,chel01
19.12.19 11:32,Авито,avito·ru,"Да, но я его не вожу",в Челябинске,Мужчина,45-50 лет,chel01
19.12.19 11:59,"Автору, Дром",auto·ru,"Да, я его вожу",в Челябинске,Мужчина,35-44 лет,chel01
19.12.19 12:16,Авто ру ,"drom·ru, auto·ru, avito·ru","Да, но я его не вожу",в Челябинске,Мужчина,18-24 лет,chel01
19.12.19 12:17,Авто ру ,"drom·ru, auto·ru, avito·ru","Да, но я его не вожу",в Челябинске,Мужчина,18-24 лет,chel01
19.12.19 12:31,Автору. Дром.ру Авито,"drom·ru, auto·ru","Да, я его вожу",в Челябинске,Мужчина,35-44 лет,chel01
19.12.19 12:58,Авто ру,"drom·ru, avito·ru","Да, я его вожу",в Челябинске,Мужчина,51 и более лет,chel01
19.12.19 13:06,Дром авто ру,"drom·ru, auto·ru, avito·ru","Да, я его вожу",в Челябинске,Мужчина,35-44 лет,chel01
19.12.19 13:26,Авто ру,auto·ru,"Да, я его вожу",в Челябинской области,Мужчина,25-34 лет,chel01
19.12.19 13:47,"avto.ru , drom.ru, ","drom·ru, auto·ru","Да, я его вожу",в Челябинске,Мужчина,35-44 лет,chel01
19.12.19 14:00,Не знаю,avito·ru,Нет,в Челябинске,Мужчина,25-34 лет,chel01
19.12.19 14:08,Авто. Ру,auto·ru,Нет,в Челябинске,Мужчина,менее 18 лет,chel01
19.12.19 14:09,Авто ру,drom·ru,Нет,в Челябинске,Мужчина,менее 18 лет,chel01
19.12.19 14:33,2гиз,drom·ru,Нет,в Челябинске,Мужчина,18-24 лет,chel01
19.12.19 14:39,Нет,Нет,Нет,в Челябинске,Мужчина,45-50 лет,chel01
19.12.19 14:41,Плохая затея точка ком,Сдам в утиль,"Да, но я его не вожу","Не имеет значения, опрос все равно бесполезен",Мужчина,25-34 лет,chel01
19.12.19 14:53,дром.ру,drom·ru,"Да, но я его не вожу",в Челябинске,Женщина,45-50 лет,chel01
19.12.19 16:24,никаких,"нигде, я не ваша ЦА. Перенастройте рекламу :)",Нет,в Челябинске,Мужчина,18-24 лет,chel01
19.12.19 16:25,никакие,"второй раз показываться, интересно :)",Нет,в Челябинске,Мужчина,18-24 лет,chel01
19.12.19 16:25,скликаем весь бюджет?,нет,Нет,в Челябинске,Мужчина,18-24 лет,chel01
19.12.19 16:27,"avito , avto.ru",нет,"Да, но я его не вожу",в Челябинске,Мужчина,менее 18 лет,chel01
19.12.19 16:29,drom,"drom·ru, avito·ru","Да, я его вожу",в Челябинске,Мужчина,51 и более лет,chel01
19.12.19 16:42,Авито,"drom·ru, avito·ru","Да, я его вожу",в Челябинске,Мужчина,45-50 лет,chel01
19.12.19 16:53,"Авито, дром","drom·ru, avito·ru","Да, я его вожу",в Челябинске,Мужчина,51 и более лет,chel01
19.12.19 17:04,ДРом ру,"drom·ru, auto·ru","Да, я его вожу",в Челябинске,Мужчина,45-50 лет,chel01
19.12.19 17:17,Автору дромру,auto·ru,"Да, я его вожу",в Челябинске,Мужчина,25-34 лет,chel01
19.12.19 17:37,Avito,avito·ru,Нет,в Челябинске,Мужчина,45-50 лет,chel01
19.12.19 17:48,"Авито, дром","drom·ru, avito·ru","Да, но я его не вожу",в Челябинске,Мужчина,25-34 лет,chel01
19.12.19 17:50,auto.ru,auto·ru,Нет,в Челябинске,Мужчина,менее 18 лет,chel01
19.12.19 18:06,Hui,avito·ru,"Да, я его вожу",в Челябинске,Мужчина,25-34 лет,chel01
19.12.19 18:09,Avito,avito·ru,Нет,в Челябинске,Мужчина,45-50 лет,chel01
19.12.19 18:46,Дром,avito·ru,"Да, я его вожу",в Челябинске,Мужчина,25-34 лет,chel01
19.12.19 19:04,"drom, avito","drom·ru, auto·ru, avito·ru","Да, я его вожу",в Челябинске,Мужчина,51 и более лет,chel01
19.12.19 19:10,"Авто ру,авито",auto·ru,"Да, я его вожу",в Челябинске,Мужчина,45-50 лет,chel01
19.12.19 19:11,"Drom, avito ,юла",avito·ru,"Да, но я его не вожу",в Челябинске,Мужчина,25-34 лет,chel01
19.12.19 19:50,Колёса ,Наебло. Ру,"Да, я его вожу",Чернобыль ,Женщина,51 и более лет,chel01
19.12.19 19:54,"Дром .ру.,авто.ру","drom·ru, auto·ru, avito·ru","Да, я его вожу",в Челябинской области,Мужчина,35-44 лет,chel01
19.12.19 20:10,Авто ру,"drom·ru, auto·ru",Нет,в Челябинске,Мужчина,35-44 лет,chel01
19.12.19 20:23,Авто ру,auto·ru,Нет,в Челябинске,Мужчина,менее 18 лет,chel01
19.12.19 20:40,Авито,"drom·ru, avito·ru","Да, я его вожу",в Челябинске,Мужчина,25-34 лет,chel01
19.12.19 21:22,Drom,drom·ru,"Да, я его вожу",в Челябинске,Мужчина,25-34 лет,chel01
19.12.19 21:28,"Дром авто, авто ру, авито авто. ","drom·ru, auto·ru, avito·ru","Да, но я его не вожу",в Челябинске,Женщина,25-34 лет,chel01
19.12.19 22:34,Дром ру,drom·ru,"Да, я его вожу",в Челябинске,Мужчина,51 и более лет,chel01
19.12.19 22:37,дром авито юла,avito·ru,"Да, я его вожу",в Челябинске,Мужчина,45-50 лет,chel01
19.12.19 23:01,Дром.ру,"drom·ru, avito·ru","Да, я его вожу",в Челябинске,Мужчина,25-34 лет,chel01
19.12.19 23:03,Авито,avito·ru,"Да, я его вожу",в Челябинске,Мужчина,25-34 лет,chel01
19.12.19 23:42,Авто ру,"drom·ru, auto·ru",Нет,в Челябинске,Мужчина,25-34 лет,chel01
19.12.19 23:47,Никакие,Нигде ,Нет,в Челябинске,Женщина,35-44 лет,chel01
19.12.19 23:49,Никакие,Нигде,Нет,в Челябинске,Женщина,35-44 лет,chel01
19.12.19 23:49,Никакие,Нигде,Нет,в Челябинске,Женщина,35-44 лет,chel01
19.12.19 23:53,Дром и Авто ,drom·ru,"Да, я его вожу",в Челябинске,Мужчина,51 и более лет,chel01
20.12.19 00:08,Авито,avito·ru,"Да, я его вожу",в Челябинске,Мужчина,35-44 лет,chel01
20.12.19 00:13,Авто,auto·ru,"Да, но я его не вожу",в Челябинске,Мужчина,45-50 лет,chel01
20.12.19 00:14,Авито ,avito·ru,"Да, я его вожу",в Челябинске,Мужчина,35-44 лет,chel01
20.12.19 00:14,Авто ру,auto·ru,"Да, но я его не вожу",в Челябинске,Мужчина,45-50 лет,chel01
20.12.19 00:22,Дрон,"drom·ru, auto·ru","Да, я его вожу",в Челябинске,Мужчина,35-44 лет,chel01
20.12.19 00:42,Авито,avito·ru,"Да, я его вожу",в Челябинске,Женщина,35-44 лет,chel01
20.12.19 01:11,Никакие,Нет автомобиля ,Нет,в Челябинске,Мужчина,25-34 лет,chel01
20.12.19 01:11,Авто.ру,auto·ru,"Да, я его вожу",в Челябинске,Мужчина,45-50 лет,chel01
20.12.19 01:18,Ад орп,Пиоо,"Да, я его вожу",в Челябинской области,Женщина,51 и более лет,chel01
20.12.19 01:32,Авточел,avito·ru,"Да, я его вожу",в Челябинске,Мужчина,35-44 лет,chel01
20.12.19 01:37,авто.ру; drom.ru,"drom·ru, auto·ru","Да, я его вожу",в Челябинске,Мужчина,51 и более лет,chel01
20.12.19 01:37,Drom.ru avto.ru,"auto·ru, avito·ru",Нет,в Челябинске,Женщина,35-44 лет,chel01
20.12.19 02:44,Авито,avito·ru,Нет,в Челябинске,Мужчина,35-44 лет,chel01
20.12.19 02:48,дром руб,drom·ru,"Да, я его вожу",в Челябинске,Женщина,25-34 лет,chel01
20.12.19 02:54,Avto.ru,auto·ru,"Да, но я его не вожу",в Челябинске,Женщина,25-34 лет,chel01
20.12.19 03:32,Авито . авто. Ру,"drom·ru, auto·ru, avito·ru","Да, я его вожу",в Челябинске,Мужчина,35-44 лет,chel01
20.12.19 03:37,Хуйвам.ру,На столбе,"Да, но я его не вожу",в Челябинске,Мужчина,51 и более лет,chel01
20.12.19 03:44,Дром ,drom·ru,"Да, я его вожу",в Челябинске,Мужчина,35-44 лет,chel01
20.12.19 03:47,Авто. Ру,auto·ru,"Да, но я его не вожу",в Челябинске,Мужчина,менее 18 лет,chel01
20.12.19 04:07,Авто.ру,"drom·ru, auto·ru, avito·ru","Да, я его вожу",в Челябинске,Мужчина,45-50 лет,chel01
20.12.19 04:17,"Дром, авто, Авито, мобиле","drom·ru, auto·ru, avito·ru","Да, я его вожу",в Челябинске,Мужчина,35-44 лет,chel01
20.12.19 04:31,Не одного,Тумба,Нет,в Челябинской области,Мужчина,51 и более лет,chel01
20.12.19 04:43,drom.ru,"drom·ru, auto·ru, avito·ru","Да, я его вожу",в Челябинске,Мужчина,35-44 лет,chel01
20.12.19 04:47,Дром ру,"drom·ru, avito·ru",Нет,в Челябинске,Мужчина,25-34 лет,chel01
20.12.19 05:04,Дром ру,"drom·ru, auto·ru, avito·ru","Да, я его вожу",в Челябинске,Мужчина,35-44 лет,chel01
20.12.19 05:12,Д-ром. Авито. 74.ru,"drom·ru, auto·ru, avito·ru","Да, я его вожу",в Челябинске,Женщина,25-34 лет,chel01
20.12.19 05:30,Авито,auto·ru,Нет,в Челябинске,Женщина,18-24 лет,chel01
20.12.19 09:34,"Авто ру, Дром ру,авито","auto·ru, avito·ru","Да, я его вожу",в Челябинске,Мужчина,35-44 лет,chel01
20.12.19 10:16,Drom.ru,drom·ru,"Да, но я его не вожу",в Челябинске,Мужчина,25-34 лет,chel01
20.12.19 11:21,Авито,"drom·ru, auto·ru, avito·ru","Да, я его вожу",в Челябинске,Мужчина,25-34 лет,chel01
20.12.19 12:02,"Дром, Авито, авто.ру","drom·ru, avito·ru","Да, я его вожу",в Челябинске,Мужчина,35-44 лет,chel01
20.12.19 12:05,Пошли на хер со своей рекламой,Нерекламируемое,"Да, я его вожу",в Челябинске,Мужчина,51 и более лет,chel01
20.12.19 12:21,Никаких,Нигде,Нет,В России,Мужчина,25-34 лет,chel01
20.12.19 12:45,Авито,"drom·ru, avito·ru","Да, но я его не вожу",в Челябинске,Женщина,менее 18 лет,chel01
20.12.19 13:04,Авито,avito·ru,"Да, я его вожу",в Челябинске,Мужчина,51 и более лет,chel01
20.12.19 13:43,"Дром,автору","drom·ru, auto·ru",Нет,в Челябинске,Мужчина,35-44 лет,chel01
20.12.19 14:30,Дром,drom·ru,"Да, я его вожу",в Челябинске,Мужчина,45-50 лет,chel01
20.12.19 14:45,? ,avito·ru,Нет,в Челябинске,Мужчина,51 и более лет,chel01
20.12.19 15:49,Авто ру Авито ,"auto·ru, avito·ru","Да, но я его не вожу",в Челябинске,Мужчина,менее 18 лет,chel01
20.12.19 16:15,Авто ру,"drom·ru, avito·ru",Нет,в Челябинске,Мужчина,51 и более лет,chel01
20.12.19 16:21,"Дром ру,авито,","drom·ru, auto·ru, avito·ru",Нет,в Челябинске,Мужчина,18-24 лет,chel01
20.12.19 16:34,Авито,auto·ru,Нет,в Челябинске,Женщина,25-34 лет,chel01
20.12.19 16:43,1,auto·ru,"Да, я его вожу",в Челябинске,Мужчина,18-24 лет,chel01
20.12.19 16:49,Авито Дром авто ру .,"drom·ru, auto·ru, avito·ru","Да, я его вожу",в Челябинске,Мужчина,35-44 лет,chel01
20.12.19 17:25,Авто ру,auto·ru,Нет,в Челябинске,Мужчина,25-34 лет,chel01
20.12.19 17:58,Drom.ru,drom·ru,"Да, но я его не вожу",в Челябинской области,Мужчина,менее 18 лет,chel01
20.12.19 18:37,"Авито, дром, юла, авто ру","drom·ru, auto·ru, avito·ru","Да, я его вожу",в Челябинске,Мужчина,25-34 лет,chel01
20.12.19 19:14,Авито,avito·ru,"Да, я его вожу",в Челябинске,Мужчина,45-50 лет,chel01
20.12.19 20:14,Нахер не нужны...,На лобовом стекле,"Да, я его вожу",Это нельзя назвать жизнью...,Мужчина,45-50 лет,chel01
20.12.19 20:17,Да говна вам на палке....,Хватит мне ипсти мозги...,Нет,Жуть,Мужчина,45-50 лет,chel01
20.12.19 20:18,Дром. Ру,drom·ru,"Да, но я его не вожу",в Челябинске,Мужчина,35-44 лет,chel01
20.12.19 20:19,Дром ру ,drom·ru,"Да, но я его не вожу",в Челябинске,Мужчина,35-44 лет,chel01
20.12.19 20:31,"Авито, дром, драйв",avito·ru,"Да, я его вожу",в Челябинске,Мужчина,35-44 лет,chel01
20.12.19 21:43,"Тог дром ру

Цефей","drom·ru, auto·ru","Да, но я его не вожу",в Челябинске,Мужчина,35-44 лет,chel01
20.12.19 22:02,Дом ру,drom·ru,"Да, я его вожу",в Челябинске,Мужчина,51 и более лет,chel01
20.12.19 22:09,drom,"drom·ru, avito·ru","Да, я его вожу",в Челябинске,Мужчина,18-24 лет,chel01
20.12.19 22:09,drom,"drom·ru, avito·ru","Да, я его вожу",в Челябинске,Мужчина,18-24 лет,chel01
20.12.19 23:21,Дром,"drom·ru, auto·ru, avito·ru","Да, я его вожу",в Челябинске,Мужчина,35-44 лет,chel01
20.12.19 23:35,авито,"drom·ru, avito·ru",Нет,в Челябинске,Мужчина,25-34 лет,chel01
21.12.19 00:02,"Автору, авито","drom·ru, auto·ru, avito·ru","Да, я его вожу",в Челябинске,Мужчина,45-50 лет,chel01
21.12.19 00:04,авито,auto·ru,"Да, я его вожу",в Челябинске,Мужчина,25-34 лет,chel01
21.12.19 00:04,авито,auto·ru,"Да, я его вожу",в Челябинске,Мужчина,25-34 лет,chel01
21.12.19 00:15,Дром ру,drom·ru,Нет,в Челябинске,Мужчина,18-24 лет,chel01
21.12.19 00:29,Авто дром ру,"drom·ru, auto·ru, avito·ru","Да, я его вожу",в Челябинске,Мужчина,51 и более лет,chel01
21.12.19 01:05,Дром ру,"drom·ru, auto·ru","Да, я его вожу",в Челябинске,Мужчина,35-44 лет,chel01
21.12.19 01:26,Автору авторынок на горке горшки,"drom·ru, auto·ru","Да, я его вожу",в Челябинске,Мужчина,35-44 лет,chel01
21.12.19 01:42,Дром руб,auto·ru,"Да, я его вожу",в Челябинске,Мужчина,35-44 лет,chel01
21.12.19 01:43,"Авито, Дром ру авто руб ","drom·ru, auto·ru, avito·ru","Да, я его вожу",в Челябинске,Мужчина,35-44 лет,chel01
21.12.19 01:57,"Дром.ру,Юла,Авито","auto·ru, avito·ru","Да, я его вожу",в Челябинске,Мужчина,51 и более лет,chel01
21.12.19 01:59,Авито,avito·ru,Нет,в Челябинске,Женщина,менее 18 лет,chel01
21.12.19 02:06,Дром ,drom·ru,"Да, я его вожу",в Челябинске,Мужчина,35-44 лет,chel01
21.12.19 02:08,"Avito, autoru, drom","drom·ru, auto·ru, avito·ru","Да, я его вожу",в Челябинске,Мужчина,25-34 лет,chel01
21.12.19 02:44,Ни одного,avito·ru,"Да, я его вожу",в Челябинске,Мужчина,45-50 лет,chel01
21.12.19 02:56,Дром,drom·ru,"Да, я его вожу",в Челябинске,Мужчина,35-44 лет,chel01
21.12.19 02:56,А втору,"drom·ru, auto·ru, avito·ru","Да, я его вожу",в Челябинске,Мужчина,51 и более лет,chel01
21.12.19 03:18,Drom,drom·ru,Нет,в Челябинской области,Мужчина,51 и более лет,chel01
21.12.19 03:29,Дром ру,"drom·ru, auto·ru","Да, но я его не вожу",в Челябинске,Женщина,35-44 лет,chel01
21.12.19 03:31,Drom,drom·ru,"Да, я его вожу",в Челябинске,Мужчина,35-44 лет,chel01
21.12.19 03:53,Дромру,"drom·ru, avito·ru","Да, я его вожу",в Челябинске,Мужчина,35-44 лет,chel01
21.12.19 03:56,Drom.ru,"drom·ru, auto·ru","Да, я его вожу",в Челябинске,Мужчина,25-34 лет,chel01
21.12.19 04:18,Дром,drom·ru,"Да, я его вожу",в Челябинске,Мужчина,35-44 лет,chel01
21.12.19 04:18,Доли ру,avito·ru,"Да, я его вожу",в Челябинске,Мужчина,35-44 лет,chel01
21.12.19 04:19,Авто ру,auto·ru,"Да, я его вожу",в Челябинске,Мужчина,35-44 лет,chel01
21.12.19 04:46,Auto.ru,"drom·ru, auto·ru, avito·ru","Да, я его вожу",в Челябинске,Мужчина,45-50 лет,chel01
21.12.19 06:22,E1.autochel.,Ego chi,Нет,в Челябинске,Мужчина,35-44 лет,chel01
21.12.19 06:51,Автору,auto·ru,"Да, я его вожу",в Челябинске,Мужчина,45-50 лет,chel01
21.12.19 07:03,Авито,drom·ru,Нет,в Челябинске,Мужчина,51 и более лет,chel01
21.12.19 07:16,Автору,auto·ru,"Да, но я его не вожу",в Челябинске,Мужчина,25-34 лет,chel01
21.12.19 07:36,Дром ру,drom·ru,"Да, я его вожу",в Челябинске,Мужчина,45-50 лет,chel01
21.12.19 08:39,"Авто.ру, дром.ру",auto·ru,"Да, я его вожу",в Челябинске,Мужчина,35-44 лет,chel01
21.12.19 10:23,Ни какие не знаю,Ни какие я бе лошадный,Нет,в Челябинске,Мужчина,51 и более лет,chel01
21.12.19 10:51,Авто ру,"drom·ru, auto·ru","Да, я его вожу",в Челябинске,Мужчина,35-44 лет,chel01
21.12.19 12:11,"Дром, авито","drom·ru, auto·ru, avito·ru","Да, но я его не вожу",в Челябинске,Мужчина,35-44 лет,chel01
21.12.19 12:39,Дром.ру,"drom·ru, auto·ru, avito·ru","Да, но я его не вожу",в Челябинске,Мужчина,51 и более лет,chel01
21.12.19 12:46,Drom,"drom·ru, auto·ru, avito·ru","Да, я его вожу",в Челябинске,Мужчина,45-50 лет,chel01
21.12.19 13:22,Авито ,avito·ru,"Да, я его вожу",в Челябинске,Мужчина,35-44 лет,chel01
21.12.19 14:17,Много,"drom·ru, auto·ru, avito·ru","Да, я его вожу",в Челябинске,Мужчина,35-44 лет,chel01
21.12.19 14:17,Много,"drom·ru, auto·ru, avito·ru","Да, я его вожу",в Челябинске,Мужчина,35-44 лет,chel01
21.12.19 15:08,Дром. Ру,"drom·ru, avito·ru","Да, но я его не вожу",в Челябинске,Мужчина,45-50 лет,chel01
21.12.19 15:22,авито,"drom·ru, auto·ru, avito·ru","Да, я его вожу",в Челябинске,Мужчина,45-50 лет,chel01
21.12.19 15:31,Не знаю,avito·ru,"Да, я его вожу",в Челябинске,Женщина,51 и более лет,chel01
21.12.19 15:42,Авто. Ру,"drom·ru, auto·ru","Да, но я его не вожу",в Челябинске,Мужчина,45-50 лет,chel01
21.12.19 15:44,"Дром ру
Авито",drom·ru,"Да, я его вожу",в Челябинске,Мужчина,51 и более лет,chel01
21.12.19 15:45,Яндекс,drom·ru,"Да, я его вожу",в Челябинске,Мужчина,45-50 лет,chel01
21.12.19 16:10,Авито,avito·ru,Нет,в Челябинске,Мужчина,25-34 лет,chel01
21.12.19 16:45,Дром ру,"drom·ru, auto·ru","Да, я его вожу",в Челябинске,Мужчина,51 и более лет,chel01
21.12.19 16:51,Никаких,"drom·ru, auto·ru, avito·ru",Нет,в Челябинске,Мужчина,18-24 лет,chel01
21.12.19 17:07,drom.ru,"drom·ru, auto·ru, avito·ru","Да, я его вожу",в Челябинске,Женщина,45-50 лет,chel01
21.12.19 17:09,Авто ру дром,"drom·ru, auto·ru, avito·ru","Да, я его вожу",в Челябинске,Мужчина,35-44 лет,chel01
21.12.19 17:23,Авито дром,"drom·ru, avito·ru","Да, я его вожу",в Челябинске,Мужчина,45-50 лет,chel01
21.12.19 17:58,никакие ,auto·ru,"Да, я его вожу",Залупинск,Женщина,51 и более лет,chel01
21.12.19 18:24,Авито,"drom·ru, auto·ru, avito·ru","Да, я его вожу",в Челябинске,Мужчина,35-44 лет,chel01
21.12.19 18:53,Авто ру,auto·ru,Нет,в Челябинске,Мужчина,45-50 лет,chel01
21.12.19 19:09,"Авита, ","drom·ru, auto·ru, avito·ru","Да, я его вожу",в Челябинске,Мужчина,35-44 лет,chel01
21.12.19 19:27,Avito,avito·ru,Нет,в Челябинске,Мужчина,51 и более лет,chel01
21.12.19 19:27,74 ру,avito·ru,"Да, я его вожу",в Челябинске,Мужчина,35-44 лет,chel01
21.12.19 19:30,Дром,"drom·ru, auto·ru, avito·ru","Да, я его вожу",в Челябинске,Мужчина,25-34 лет,chel01
21.12.19 21:24,Авто.ru,auto·ru,"Да, я его вожу",в Челябинске,Мужчина,18-24 лет,chel01
21.12.19 21:24,Auto ru,"auto·ru, avito·ru","Да, я его вожу",в Челябинске,Мужчина,18-24 лет,chel01
21.12.19 22:08,Не интересуюсь,avito·ru,Нет,в Челябинске,Женщина,51 и более лет,chel01
21.12.19 22:12,drom.ru avito.ru,avito·ru,Нет,в Челябинске,Мужчина,45-50 лет,chel01
21.12.19 23:04,Авито,"drom·ru, auto·ru, avito·ru","Да, я его вожу",в Челябинске,Мужчина,35-44 лет,chel01
21.12.19 23:18,Авито,avito·ru,"Да, я его вожу",в Челябинске,Мужчина,35-44 лет,chel01
21.12.19 23:21,Не.интересно.,drom·ru,Нет,в Челябинске,Женщина,51 и более лет,chel01
21.12.19 23:23,Дгом.ру,"drom·ru, auto·ru",Нет,в Челябинске,Женщина,51 и более лет,chel01
21.12.19 23:24,Дром.ру,drom·ru,"Да, я его вожу",в Челябинске,Мужчина,35-44 лет,chel01
21.12.19 23:49,Челру,avito·ru,"Да, я его вожу",в Челябинске,Мужчина,51 и более лет,chel01
21.12.19 23:49,Авито,avito·ru,"Да, я его вожу",в Челябинске,Мужчина,35-44 лет,chel01
21.12.19 23:53,Не каких,avito·ru,Нет,в Челябинске,Мужчина,35-44 лет,chel01
22.12.19 00:11,"Дром, авито, авто Ру,","drom·ru, avito·ru","Да, я его вожу",в Челябинске,Мужчина,25-34 лет,chel01
22.12.19 00:25,"Авито, авто. Ру","drom·ru, avito·ru","Да, я его вожу",в Челябинске,Мужчина,35-44 лет,chel01
22.12.19 00:37,Авто 74.ru,"drom·ru, 74.ru","Да, я его вожу",в Челябинске,Женщина,45-50 лет,chel01
22.12.19 00:52,Авито,"drom·ru, auto·ru, avito·ru","Да, я его вожу",в Челябинске,Мужчина,35-44 лет,chel01
22.12.19 01:46,авито,avito·ru,"Да, я его вожу",в Челябинске,Мужчина,45-50 лет,chel01
22.12.19 01:57,Никаво не знаю:<,"Мне 13, откуда я знаю",Нет,в Челябинске,Женщина,менее 18 лет,chel01
22.12.19 02:24,Не какие,Не знаю ,Нет,в Челябинске,Женщина,35-44 лет,chel01
22.12.19 03:11,Авто ру,auto·ru,Нет,в Челябинске,Мужчина,45-50 лет,chel01
22.12.19 03:46,"авито, юла",avito·ru,"Да, я его вожу",в Челябинске,Мужчина,45-50 лет,chel01
22.12.19 03:53,"Дром ру, Авито","drom·ru, avito·ru","Да, я его вожу",в Челябинске,Женщина,51 и более лет,chel01
22.12.19 04:04,Dromru,"drom·ru, auto·ru, avito·ru","Да, я его вожу",в Челябинске,Мужчина,18-24 лет,chel01
22.12.19 04:07,Авито ,"drom·ru, avito·ru",Нет,в Челябинске,Мужчина,35-44 лет,chel01
22.12.19 04:15,drom.ru,drom·ru,"Да, я его вожу",в Челябинске,Мужчина,18-24 лет,chel01
22.12.19 04:26,Авто ру. Дром,"drom·ru, auto·ru, avito·ru","Да, я его вожу",в Челябинске,Мужчина,45-50 лет,chel01
22.12.19 04:39,"Авто ру , Авито , дром","drom·ru, auto·ru, avito·ru","Да, я его вожу",в Челябинске,Мужчина,25-34 лет,chel01
22.12.19 04:39,"drom.ru, auto.ru",auto·ru,"Да, но я его не вожу",в Челябинске,Мужчина,менее 18 лет,chel01
22.12.19 04:40,Ррв,avito·ru,"Да, я его вожу",в Челябинске,Мужчина,35-44 лет,chel01
22.12.19 04:44,Автодром,drom·ru,"Да, я его вожу",в Челябинске,Женщина,51 и более лет,chel01
22.12.19 04:48,Дром авито,"drom·ru, Аавито","Да, я его вожу",в Челябинске,Мужчина,51 и более лет,chel01
22.12.19 04:49,Авто.ру,avito·ru,Нет,в Челябинске,Мужчина,25-34 лет,chel01
22.12.19 04:55,Авито Дром автору,avito·ru,"Да, я его вожу",в Челябинске,Мужчина,18-24 лет,chel01
22.12.19 04:55,Дром ру,"drom·ru, avito·ru",Нет,в Челябинске,Мужчина,25-34 лет,chel01
22.12.19 05:06,"drom.ru, auto.ru","drom·ru, auto·ru","Да, я его вожу",в Челябинске,Мужчина,45-50 лет,chel01
22.12.19 05:14,Д-ром ру,drom·ru,"Да, но я его не вожу",в Челябинске,Женщина,менее 18 лет,chel01
22.12.19 05:25,Drom,"drom·ru, auto·ru, avito·ru",Нет,Другое,Мужчина,25-34 лет,chel01
22.12.19 05:37,Рол,auto·ru,"Да, я его вожу",в Челябинске,Мужчина,18-24 лет,chel01
22.12.19 05:50,Автору,avito·ru,"Да, я его вожу",в Челябинске,Женщина,35-44 лет,chel01
22.12.19 06:03,Авито ,avito·ru,"Да, но я его не вожу",в Челябинске,Мужчина,18-24 лет,chel01
22.12.19 06:03,Дром,drom·ru,Нет,в Челябинске,Мужчина,35-44 лет,chel01
22.12.19 06:09,Нет ,avito·ru,"Да, я его вожу",в Челябинске,Мужчина,35-44 лет,chel01
22.12.19 06:17,Дром,"drom·ru, avito·ru","Да, я его вожу",в Челябинске,Мужчина,35-44 лет,chel01
22.12.19 06:24,Дром,"drom·ru, avito·ru","Да, я его вожу",в Челябинске,Мужчина,25-34 лет,chel01
22.12.19 06:32,Все,"drom·ru, auto·ru, avito·ru",Нет,в Челябинске,Мужчина,35-44 лет,chel01
22.12.19 06:34,"Авито,дром.ру","drom·ru, auto·ru, avito·ru",Нет,в Челябинске,Мужчина,35-44 лет,chel01
22.12.19 06:37,"Автору, Авито","drom·ru, avito·ru","Да, я его вожу",в Челябинске,Мужчина,35-44 лет,chel01
22.12.19 07:44,Никакие,avito·ru,"Да, но я его не вожу",в Челябинской области,Мужчина,менее 18 лет,chel01
22.12.19 11:03,"Авито,","avito·ru, Юла ","Да, но я его не вожу",в Челябинске,Женщина,45-50 лет,chel01
22.12.19 11:38,"Авто. ру, авито, дром. ру","drom·ru, auto·ru, avito·ru","Да, я его вожу",в Челябинске,Мужчина,51 и более лет,chel01
22.12.19 12:18,"drom, avto","drom·ru, auto·ru","Да, я его вожу",в Челябинске,Мужчина,25-34 лет,chel01
22.12.19 12:38,Авито ,avito·ru,"Да, я его вожу",в Челябинске,Мужчина,25-34 лет,chel01
22.12.19 12:40,не интересуюсь,avito·ru,"Да, я его вожу",в Челябинской области,Мужчина,51 и более лет,chel01
22.12.19 13:10,"Drom. Ru 
Auto.ru
Avito","drom·ru, auto·ru","Да, я его вожу",в Челябинске,Мужчина,35-44 лет,chel01
22.12.19 13:45,авито ,"drom·ru, avito·ru",Нет,в Челябинске,Мужчина,45-50 лет,chel01
22.12.19 14:16,"Авто ру, Дром","drom·ru, auto·ru, avito·ru","Да, но я его не вожу",в Челябинске,Мужчина,менее 18 лет,chel01
22.12.19 14:35,Автору,"auto·ru, avito·ru",Нет,в Челябинске,Мужчина,51 и более лет,chel01
22.12.19 15:00,Авито авто,drom·ru,"Да, но я его не вожу",в Челябинске,Мужчина,менее 18 лет,chel01
22.12.19 15:15,Авто ру,auto·ru,"Да, я его вожу",в Челябинске,Мужчина,25-34 лет,chel01
22.12.19 15:20,drom.ru auto.ru avito.ru,"drom·ru, auto·ru, avito·ru","Да, я его вожу",в Челябинске,Мужчина,35-44 лет,chel01
22.12.19 15:58,"Авито, авто.ру, Дром.ру","drom·ru, auto·ru, avito·ru","Да, я его вожу",в Челябинске,Мужчина,35-44 лет,chel01
22.12.19 16:19,Авито,"drom·ru, auto·ru, avito·ru",Нет,в Челябинске,Мужчина,35-44 лет,chel01
22.12.19 16:19,Авито,"drom·ru, auto·ru, avito·ru",Нет,в Челябинске,Мужчина,35-44 лет,chel01
22.12.19 16:22,Не знаю. ,У меня нет Маш ны,Нет,в Челябинске,Женщина,51 и более лет,chel01
22.12.19 16:22,никаких,нигде,"Да, я его вожу",в Челябинске,Мужчина,51 и более лет,chel01
22.12.19 16:23,авто.ру дром.ру,"drom·ru, auto·ru",Нет,в Челябинске,Мужчина,35-44 лет,chel01
22.12.19 17:30,Drom,"drom·ru, avito·ru","Да, я его вожу",в Челябинске,Мужчина,25-34 лет,chel01
22.12.19 17:53,Avito auto ,"drom·ru, avito·ru","Да, но я его не вожу",в Челябинске,Мужчина,менее 18 лет,chel01
22.12.19 19:10,авито,avito·ru,"Да, но я его не вожу",в Челябинской области,Мужчина,менее 18 лет,chel01
22.12.19 19:16,"hh.ru, auto.ru, avito auto","drom·ru, auto·ru, avito·ru","Да, но я его не вожу",в Челябинске,Мужчина,менее 18 лет,chel01
22.12.19 19:18,Авито Юла,"drom·ru, auto·ru, avito·ru",Нет,в Челябинске,Мужчина,45-50 лет,chel01
22.12.19 19:19,Дром ру,drom·ru,"Да, но я его не вожу",в Челябинске,Мужчина,менее 18 лет,chel01
22.12.19 19:19,Дром ру,drom·ru,"Да, но я его не вожу",в Челябинске,Мужчина,менее 18 лет,chel01
22.12.19 19:52,Дром.ру. Авто.ру. Авито,"drom·ru, auto·ru",Нет,в Челябинске,Мужчина,51 и более лет,chel01
22.12.19 19:52,Дром.ру. Авто.ру. Авито,"drom·ru, auto·ru",Нет,в Челябинске,Мужчина,51 и более лет,chel01
22.12.19 19:57,ываываыва,ыавыаыва,"Да, я его вожу",в Челябинске,Мужчина,18-24 лет,chel01
22.12.19 20:07,74,avito·ru,"Да, я его вожу",в Челябинске,Мужчина,35-44 лет,chel01
22.12.19 20:19,Авито дром.,"drom·ru, avito·ru","Да, я его вожу",в Челябинской области,Мужчина,35-44 лет,chel01
22.12.19 20:20,Авито дром.,"drom·ru, avito·ru","Да, я его вожу",в Челябинской области,Мужчина,35-44 лет,chel01
22.12.19 20:32,Drom. Ru,drom·ru,Нет,в Челябинске,Мужчина,45-50 лет,chel01
22.12.19 20:53,drom.ru autochel.ru ,drom·ru,"Да, я его вожу",в Челябинске,Мужчина,35-44 лет,chel01
22.12.19 21:32,не знаю,сдаем по трейд ин,"Да, я его вожу",в Челябинске,Женщина,35-44 лет,chel01
22.12.19 21:33,не знаю,сдаем по трейд ин,"Да, я его вожу",в Челябинске,Женщина,35-44 лет,chel01
22.12.19 21:43,Дром,"drom·ru, auto·ru","Да, я его вожу",в Челябинске,Мужчина,51 и более лет,chel01
22.12.19 21:49,Дромру ,"drom·ru, auto·ru, avito·ru","Да, я его вожу",в Челябинске,Мужчина,51 и более лет,chel01
22.12.19 22:11,авито,drom·ru,"Да, я его вожу",в Челябинске,Мужчина,35-44 лет,chel01
22.12.19 22:55,Жуй хуй,Залупы даром,"Да, я его вожу",Мухосранск,Мужчина,51 и более лет,chel01
22.12.19 23:26,Авто ру,auto·ru,"Да, я его вожу",в Челябинске,Мужчина,35-44 лет,chel01
22.12.19 23:26,Авто ру,auto·ru,"Да, я его вожу",в Челябинске,Мужчина,35-44 лет,chel01
22.12.19 23:27,Авито,avito·ru,"Да, но я его не вожу",в Челябинске,Мужчина,45-50 лет,chel01
22.12.19 23:36,Авито . Авто,"drom·ru, avito·ru","Да, но я его не вожу",в Челябинске,Женщина,менее 18 лет,chel01
22.12.19 23:42,Авто ру,avito·ru,"Да, я его вожу",в Челябинске,Мужчина,35-44 лет,chel01
22.12.19 23:47,Avito.ru,drom·ru,"Да, я его вожу",в Челябинске,Мужчина,35-44 лет,chel01
22.12.19 23:48,Avito.ru,avito·ru,"Да, я его вожу",в Челябинске,Мужчина,35-44 лет,chel01
22.12.19 23:54,Авито,avito·ru,"Да, я его вожу",в Челябинске,Женщина,51 и более лет,chel01
23.12.19 00:11,"Авто. Ру, дром. Ру","drom·ru, auto·ru","Да, я его вожу",в Челябинске,Мужчина,35-44 лет,chel01
23.12.19 00:17,From.Ru,drom·ru,"Да, но я его не вожу",в Челябинске,Мужчина,51 и более лет,chel01
23.12.19 00:21,"дром.ру,авто74",auto·ru,"Да, но я его не вожу",в Челябинске,Мужчина,51 и более лет,chel01
23.12.19 00:31,Дром.ру,drom·ru,"Да, я его вожу",в Челябинске,Мужчина,51 и более лет,chel01
23.12.19 00:42,Авто.ру ,auto·ru,Нет,в Челябинске,Мужчина,25-34 лет,chel01
23.12.19 01:18,Дром ру,drom·ru,"Да, я его вожу",в Челябинске,Мужчина,51 и более лет,chel01
23.12.19 01:20,Дром ру,drom·ru,"Да, я его вожу",в Челябинске,Мужчина,51 и более лет,chel01
23.12.19 01:33,Авто ру,auto·ru,"Да, я его вожу",в Челябинске,Мужчина,51 и более лет,chel01
23.12.19 01:35,Авто ру,auto·ru,Нет,в Челябинске,Мужчина,35-44 лет,chel01
23.12.19 01:36,Drom ru,drom·ru,Нет,в Челябинске,Мужчина,35-44 лет,chel01
23.12.19 01:36,Avito,avito·ru,"Да, я его вожу",в Челябинске,Мужчина,35-44 лет,chel01
23.12.19 02:10,Авито,"drom·ru, auto·ru","Да, я его вожу",в Челябинске,Мужчина,51 и более лет,chel01
23.12.19 02:17,Афто.ру,"auto·ru, avito·ru",Нет,в Челябинске,Мужчина,45-50 лет,chel01
23.12.19 02:25,Авито,avito·ru,"Да, я его вожу",в Челябинске,Мужчина,45-50 лет,chel01
23.12.19 02:29,Авто ру,avito·ru,"Да, но я его не вожу",в Челябинске,Женщина,45-50 лет,chel01
23.12.19 02:33,Дром,"drom·ru, auto·ru, avito·ru",Нет,в Челябинске,Мужчина,25-34 лет,chel01
23.12.19 02:35,Авито,avito·ru,"Да, но я его не вожу",в Челябинске,Мужчина,18-24 лет,chel01
23.12.19 03:22,From.ru,drom·ru,"Да, но я его не вожу",в Челябинске,Мужчина,51 и более лет,chel01
23.12.19 03:41,"Авто,Auto.ru","auto·ru, avito·ru","Да, я его вожу",в Челябинске,Женщина,35-44 лет,chel01
23.12.19 03:42,авито дром,"drom·ru, auto·ru","Да, я его вожу",в Челябинске,Мужчина,35-44 лет,chel01
23.12.19 03:49,Авто ру,"drom·ru, auto·ru, avito·ru","Да, я его вожу",в Челябинске,Мужчина,35-44 лет,chel01
23.12.19 03:57,Авто. Ру,"drom·ru, auto·ru","Да, я его вожу",в Челябинске,Мужчина,45-50 лет,chel01
23.12.19 04:05,"Auto. Ru from. Ru, avito","drom·ru, auto·ru, avito·ru","Да, я его вожу",в Челябинске,Мужчина,45-50 лет,chel01
23.12.19 04:09,нет,avito·ru,Нет,в Челябинске,Мужчина,51 и более лет,chel01
23.12.19 04:10,ни каких,avito·ru,Нет,в Челябинске,Мужчина,51 и более лет,chel01
23.12.19 04:11,не знаю,avito·ru,Нет,в Челябинске,Мужчина,51 и более лет,chel01
23.12.19 04:17,Не знаю,Нигде,"Да, я его вожу",в Челябинске,Мужчина,35-44 лет,chel01
23.12.19 04:19,Дром,drom·ru,Нет,в Челябинске,Мужчина,35-44 лет,chel01
23.12.19 04:19,Дром ру,"drom·ru, avito·ru","Да, я его вожу",в Челябинске,Мужчина,51 и более лет,chel01
23.12.19 04:21,Незнаю,Нигде,"Да, я его вожу",в Челябинске,Мужчина,51 и более лет,chel01
23.12.19 04:21,Незнаю,Нигде,"Да, я его вожу",в Челябинске,Мужчина,51 и более лет,chel01
23.12.19 04:23,Дром,"drom·ru, avito·ru","Да, я его вожу",в Челябинске,Мужчина,35-44 лет,chel01
23.12.19 04:27,"Авито, дром.ру",avito·ru,"Да, я его вожу",в Челябинске,Мужчина,35-44 лет,chel01
23.12.19 04:30,"Авито, авто ру, 74 ","drom·ru, auto·ru, avito·ru, 74.ru","Да, но я его не вожу",в Челябинске,Мужчина,25-34 лет,chel01
23.12.19 04:49,auto.ru,"drom·ru, auto·ru","Да, я его вожу",в Челябинске,Мужчина,25-34 лет,chel01
23.12.19 04:51,"Drom, Auto.ru ",auto·ru,"Да, я его вожу",в Челябинске,Мужчина,25-34 лет,chel01
23.12.19 05:32,avito.ru avto.ru ,"drom·ru, auto·ru, avito·ru","Да, я его вожу",в Челябинске,Мужчина,51 и более лет,chel01
23.12.19 05:37,авито,avito·ru,"Да, но я его не вожу",в Челябинске,Мужчина,18-24 лет,chel01
23.12.19 05:39,"Drom, avito","drom·ru, auto·ru, avito·ru","Да, но я его не вожу",в Челябинске,Мужчина,25-34 лет,chel01
23.12.19 06:09,Авто.оу,"avito·ru, Г ",Нет,в Челябинске,Мужчина,51 и более лет,chel01
23.12.19 06:10,Авито,avito·ru,Нет,в Челябинске,Мужчина,51 и более лет,chel01
23.12.19 06:48,а что,на дереве,"Да, я его вожу",ростов,Женщина,менее 18 лет,chel01
23.12.19 09:29,Д-ром ру,drom·ru,"Да, я его вожу",в Челябинске,Мужчина,35-44 лет,chel01
23.12.19 10:24,Авито,"drom·ru, avito·ru","Да, но я его не вожу",в Челябинске,Женщина,35-44 лет,chel01
23.12.19 11:32,"Авито, auto.ru","drom·ru, auto·ru, avito·ru","Да, я его вожу",в Челябинске,Мужчина,25-34 лет,chel01
23.12.19 11:40,"авито,дром,авто.ру,",avito·ru,"Да, я его вожу",в Челябинске,Мужчина,25-34 лет,chel01
23.12.19 12:16,Дром.ру,"drom·ru, avito·ru","Да, я его вожу",в Челябинске,Мужчина,25-34 лет,chel01
23.12.19 14:04,"Avto.ru,drom.ru.avtochel,avito,юла","drom·ru, avito·ru","Да, я его вожу",в Челябинске,Мужчина,35-44 лет,chel01
23.12.19 14:08,"Auto.ru, drom.ru","drom·ru, auto·ru","Да, я его вожу",в Челябинске,Мужчина,45-50 лет,chel01
23.12.19 14:30,Авто.ру дром.ру.,auto·ru,"Да, но я его не вожу",в Челябинске,Женщина,51 и более лет,chel01
23.12.19 14:31,Авто.ру дром.ру.,auto·ru,"Да, но я его не вожу",в Челябинске,Женщина,51 и более лет,chel01
23.12.19 14:46,"авто дром , авто.у","drom·ru, auto·ru, avito·ru","Да, я его вожу",в Челябинске,Мужчина,51 и более лет,chel01
23.12.19 16:14,Дром ру,"drom·ru, auto·ru, avito·ru","Да, но я его не вожу",в Челябинске,Мужчина,менее 18 лет,chel01
23.12.19 17:25,Дром,"drom·ru, auto·ru, avito·ru","Да, но я его не вожу",в Челябинске,Мужчина,45-50 лет,chel01
23.12.19 17:40,"Дром.ру,авто.ру,авито","drom·ru, auto·ru, avito·ru","Да, я его вожу",в Челябинске,Мужчина,35-44 лет,chel01
23.12.19 17:57,Дром ру,Не где,"Да, но я его не вожу",в Челябинске,Мужчина,35-44 лет,chel01
23.12.19 18:19,Авито,avito·ru,"Да, я его вожу",в Челябинске,Мужчина,51 и более лет,chel01
23.12.19 18:33,Дром ру,"drom·ru, avito·ru","Да, но я его не вожу",в Челябинске,Женщина,51 и более лет,chel01
23.12.19 18:48,Авито дром ру,"drom·ru, auto·ru, avito·ru","Да, я его вожу",в Челябинской области,Мужчина,25-34 лет,chel01
23.12.19 18:51,"авито,авто ру","drom·ru, auto·ru, avito·ru","Да, я его вожу",в Челябинске,Мужчина,25-34 лет,chel01
23.12.19 19:23,Drom.ru,Нет авто,Нет,в Челябинске,Мужчина,35-44 лет,chel01
23.12.19 20:46,Авито,avito·ru,Нет,в Челябинске,Мужчина,35-44 лет,chel01
23.12.19 21:05,Дром,drom·ru,"Да, я его вожу",в Челябинске,Мужчина,35-44 лет,chel01
23.12.19 21:14,Дром ру,drom·ru,Нет,в Челябинске,Мужчина,менее 18 лет,chel01
23.12.19 21:14,Все,"drom·ru, auto·ru, avito·ru","Да, я его вожу",в Челябинской области,Мужчина,25-34 лет,chel01
23.12.19 21:45,Почти все,Не размещаю,Нет,в Челябинске,Мужчина,18-24 лет,chel01
23.12.19 22:18,Авито,"drom·ru, auto·ru, avito·ru","Да, я его вожу",в Челябинске,Мужчина,35-44 лет,chel01
23.12.19 22:26,Авита,drom·ru,Нет,в Челябинске,Мужчина,51 и более лет,chel01
23.12.19 22:34,Авито,avito·ru,"Да, я его вожу",в Челябинске,Мужчина,25-34 лет,chel01
23.12.19 22:39,Дром.ру Авито,"drom·ru, auto·ru, avito·ru","Да, я его вожу",в Челябинске,Женщина,51 и более лет,chel01
23.12.19 22:44,Авито Дром ру,avito·ru,Нет,в Челябинске,Мужчина,25-34 лет,chel01
23.12.19 22:51,Авто ру,auto·ru,"Да, я его вожу",в Челябинске,Мужчина,25-34 лет,chel01
23.12.19 22:51,Brawl Stars,Brawl Stars,"Да, я его вожу",Гимназия 26,Женщина,51 и более лет,chel01
24.12.19 00:04,Дром ру,"drom·ru, auto·ru, avito·ru","Да, я его вожу",в Челябинске,Мужчина,35-44 лет,chel01
24.12.19 00:04,Дром ру,drom·ru,"Да, но я его не вожу",в Челябинске,Мужчина,25-34 лет,chel01
24.12.19 01:08,Авто,drom·ru,"Да, но я его не вожу",в Челябинске,Мужчина,18-24 лет,chel01
24.12.19 01:10,Авто. Ру,"auto·ru, avito·ru","Да, я его вожу",в Челябинске,Мужчина,35-44 лет,chel01
24.12.19 01:19,M service ,auto·ru,"Да, я его вожу",в Челябинске,Мужчина,51 и более лет,chel01
24.12.19 01:27,-,"drom·ru, avito·ru","Да, я его вожу",в Челябинске,Мужчина,45-50 лет,chel01
24.12.19 02:16,Авто.ру,auto·ru,"Да, я его вожу",в Челябинске,Мужчина,45-50 лет,chel01
24.12.19 02:28,74.ru avito.ru drom ,"auto·ru, avito·ru","Да, я его вожу",в Челябинске,Мужчина,25-34 лет,chel01
24.12.19 02:46,"Авито, дром ру","drom·ru, avito·ru","Да, но я его не вожу",в Челябинске,Мужчина,18-24 лет,chel01
24.12.19 02:47,Допустим,Нигде,"Да, я его вожу",в Челябинске,Женщина,51 и более лет,chel01
24.12.19 02:51,Авито,auto·ru,Нет,в Челябинской области,Мужчина,менее 18 лет,chel01
24.12.19 02:52,"Авто.ru, авито ","drom·ru, auto·ru, avito·ru","Да, я его вожу",в Челябинске,Мужчина,35-44 лет,chel01
24.12.19 02:53,авито,auto·ru,"Да, я его вожу",в Челябинске,Мужчина,45-50 лет,chel01
24.12.19 03:56,Дром Авито,"drom·ru, avito·ru","Да, я его вожу",в Челябинске,Мужчина,51 и более лет,chel01
24.12.19 04:24,Авто ру,"auto·ru, avito·ru","Да, я его вожу",в Челябинске,Мужчина,35-44 лет,chel01
24.12.19 05:15,умед,"drom·ru, auto·ru, avito·ru",Нет,в Челябинске,Мужчина,18-24 лет,chel01
24.12.19 05:16,авито,"drom·ru, auto·ru, avito·ru",Нет,в Челябинской области,Мужчина,18-24 лет,chel01
24.12.19 05:20,Авто ру,"auto·ru, avito·ru",Нет,в Челябинске,Мужчина,25-34 лет,chel01
24.12.19 06:22,Авито,avito·ru,Нет,в Челябинске,Мужчина,35-44 лет,chel01
24.12.19 06:58,Не знаю ,auto·ru,Нет,в Челябинске,Мужчина,менее 18 лет,chel01
