,id,Время старта,Время финиша,id опроса,Опрос полностью пройден,1. **Какие сайты или мобильные приложения о продаже автомобилей вы знаете?**,2. **Где вы разместите объявление о продаже автомобиля?**,2. **Где вы разместите объявление о продаже автомобиля?**,2. **Где вы разместите объявление о продаже автомобиля?**,2. **Где вы разместите объявление о продаже автомобиля?**,2. **Где вы разместите объявление о продаже автомобиля?**,3. **Есть ли в вашей семье автомобиль?**,6. **Где вы проживаете?**,6. **Где вы проживаете?**,9. **Ваш пол?**,10. **Ваш возраст?**
,,,,,,1. **Какие сайты или мобильные приложения о продаже автомобилей вы знаете?**,2. drom.ru,2. auto.ru,2. avito.ru,2. Другое (впишите свой вариант),2. Другое (впишите свой вариант)_Текст,3. **Есть ли в вашей семье автомобиль?**,6. **Где вы проживаете?**,6. **Где вы проживаете?**_Текст,9. **Ваш пол?**,10. **Ваш возраст?**
1,eb24b85b-4d98-51e9-895e-23f31cddba22,2019-12-16 13:12:27,2019-12-16 13:12:48,12aLco5Uf8m1gJsNEH2BPL,да,'avito.ru,,,avito.ru,,,"Да, я его вожу",в Челябинске,,Мужчина,35-44 лет
2,13024a42-9e2c-5f6d-9e53-f1ff70679c4f,2019-12-16 13:15:15,2019-12-16 13:15:51,12aLco5Uf8m1gJsNEH2BPL,да,'Да,,auto.ru,,,,"Да, но я его не вожу",в Челябинске,,Мужчина,Менее 18 лет
3,2ababb82-9a2e-5944-bac4-0d276ee7ab15,2019-12-16 13:19:43,2019-12-16 13:20:02,12aLco5Uf8m1gJsNEH2BPL,да,'Авито,drom.ru,auto.ru,,,,Нет,в Челябинске,,Мужчина,18-24 лет
4,b036fc7a-6941-55e5-95e3-c42503ac4b62,2019-12-16 13:24:16,2019-12-16 13:24:58,12aLco5Uf8m1gJsNEH2BPL,да,'drom.ru,drom.ru,auto.ru,avito.ru,,,"Да, я его вожу",в Челябинске,,Мужчина,35-44 лет
5,8cb14b5a-625f-5ae3-8708-dd8b9a79f64f,2019-12-16 13:27:38,2019-12-16 13:28:44,12aLco5Uf8m1gJsNEH2BPL,да,'Авто ру.  Колеса,,auto.ru,avito.ru,,,"Да, я его вожу",в Челябинске,,Мужчина,45-50 лет
6,9cf10ff8-b0fe-5ea2-b74e-3116925a8233,2019-12-16 13:32:22,2019-12-16 13:32:48,12aLco5Uf8m1gJsNEH2BPL,да,"'дром ру, авито, юла",drom.ru,auto.ru,avito.ru,,,"Да, я его вожу",в Челябинске,,Мужчина,35-44 лет
7,0027c3ca-7f82-5e31-b10e-ba6e3591caff,2019-12-16 13:54:26,2019-12-16 13:55:17,12aLco5Uf8m1gJsNEH2BPL,да,'avto.ru avito ,,auto.ru,avito.ru,,,"Да, я его вожу",в Челябинске,,Мужчина,25-34 лет
8,1b1db469-ee4b-5264-bb80-8b2609d73836,2019-12-16 14:11:56,2019-12-16 14:12:30,12aLco5Uf8m1gJsNEH2BPL,да,"'Авто.Ру, дром",drom.ru,auto.ru,avito.ru,,,"Да, я его вожу",в Челябинске,,Мужчина,25-34 лет
9,0634b888-3bf0-5c7c-8203-1f26c96db684,2019-12-16 14:29:02,2019-12-16 14:29:54,12aLco5Uf8m1gJsNEH2BPL,да,'дром.авито.юла,drom.ru,auto.ru,avito.ru,,,"Да, я его вожу",в Челябинске,,Мужчина,35-44 лет
10,2b7d19f4-e6ad-51e4-93d4-719d21795fde,2019-12-16 14:51:44,2019-12-16 14:53:37,12aLco5Uf8m1gJsNEH2BPL,да,"'Авито, Drom. ru, Авто ру. ",,,avito.ru,,,"Да, но я его не вожу",в Челябинской области,,Мужчина,18-24 лет
11,51e34772-590d-5672-bca4-48a5d7862378,2019-12-16 15:53:08,2019-12-16 15:53:40,12aLco5Uf8m1gJsNEH2BPL,да,'дром ру   авито   юла,drom.ru,auto.ru,,,,Нет,в Челябинске,,Мужчина,35-44 лет
12,e1e17f7e-b2bf-5464-994b-4eb2b5b685f4,2019-12-16 16:06:01,2019-12-16 16:06:55,12aLco5Uf8m1gJsNEH2BPL,да,'Авито дром.ру юла,drom.ru,auto.ru,avito.ru,,,"Да, я его вожу",в Челябинске,,Мужчина,25-34 лет
13,79ad6e21-784b-5bad-b448-4d48acad74cb,2019-12-16 16:28:55,2019-12-16 19:56:21,12aLco5Uf8m1gJsNEH2BPL,да,'auto ru,drom.ru,auto.ru,avito.ru,,,"Да, я его вожу",в Челябинске,,Мужчина,35-44 лет
14,220ca3c4-d904-516a-bc5b-df7b16f4ecd9,2019-12-16 16:42:34,2019-12-16 16:42:57,12aLco5Uf8m1gJsNEH2BPL,да,'Авито,,,avito.ru,,,"Да, я его вожу",в Челябинске,,Мужчина,35-44 лет
15,881c3a5f-0774-570d-a119-d701c2b122bf,2019-12-16 16:54:06,2019-12-16 16:55:10,12aLco5Uf8m1gJsNEH2BPL,да,'дром.ру; авито; автору,drom.ru,auto.ru,avito.ru,,,"Да, я его вожу",в Челябинске,,Мужчина,45-50 лет
16,8aed1951-d219-59b2-bd39-a16adcf514bf,2019-12-16 17:32:48,2019-12-16 17:33:12,12aLco5Uf8m1gJsNEH2BPL,да,'Drom.ru,drom.ru,auto.ru,avito.ru,,,Нет,в Челябинске,,Мужчина,35-44 лет
17,6bbfc4ba-3d2b-5dd8-bbb2-1c8e4fb98c7f,2019-12-16 17:34:28,2019-12-16 17:35:17,12aLco5Uf8m1gJsNEH2BPL,да,'Avito Avto.ru,drom.ru,auto.ru,avito.ru,Drom,Drom,"Да, я его вожу",в Челябинске,,Мужчина,35-44 лет
18,d1708790-0ba2-5ca4-b3ee-8e4902c5baa8,2019-12-16 17:57:25,2019-12-16 17:57:56,12aLco5Uf8m1gJsNEH2BPL,да,'авито,,auto.ru,avito.ru,,,"Да, я его вожу",в Челябинске,,Мужчина,35-44 лет
19,581d4eb6-6c45-501f-8859-09910a3e6543,2019-12-16 19:09:35,2019-12-16 19:10:13,12aLco5Uf8m1gJsNEH2BPL,да,'дром.ру,,,avito.ru,,,"Да, я его вожу",в Челябинске,,Мужчина,35-44 лет
20,736ed99b-34a2-5e29-b0c5-7b8365823de2,2019-12-16 19:11:14,2019-12-16 19:11:50,12aLco5Uf8m1gJsNEH2BPL,да,'авто,drom.ru,auto.ru,avito.ru,,,"Да, я его вожу",в Челябинске,,Мужчина,35-44 лет
21,c82360c4-b8e4-572d-b2d3-9b778b6fc814,2019-12-16 19:17:25,2019-12-16 19:18:21,12aLco5Uf8m1gJsNEH2BPL,да,'Дром.ру,drom.ru,,avito.ru,,,"Да, я его вожу",в Челябинске,,Мужчина,25-34 лет
22,faebc041-0eec-5233-9336-816797ae8a5d,2019-12-16 19:21:25,2019-12-16 19:22:09,12aLco5Uf8m1gJsNEH2BPL,да,'Авито auto.ru,,auto.ru,avito.ru,,,"Да, я его вожу",в Челябинске,,Мужчина,25-34 лет
23,ae9ff093-9513-5af0-89ce-26434c76c7b6,2019-12-16 19:33:36,2019-12-16 19:34:26,12aLco5Uf8m1gJsNEH2BPL,да,'авто ру авито дром 74ру,drom.ru,auto.ru,avito.ru,,,"Да, я его вожу",в Челябинске,,Мужчина,35-44 лет
24,71150afc-b21b-5987-b960-7715d4cf753b,2019-12-16 19:48:09,2019-12-16 19:48:47,12aLco5Uf8m1gJsNEH2BPL,да,"'авито,авто ру,дром ру",drom.ru,auto.ru,avito.ru,,,Нет,в Челябинске,,Мужчина,35-44 лет
25,5fc5463e-fc4b-575e-8c25-571c9d0fd81b,2019-12-16 20:17:42,2019-12-16 20:21:01,12aLco5Uf8m1gJsNEH2BPL,да,"'Дром ру
Авито
Авто ру
",drom.ru,,avito.ru,,,Нет,в Челябинской области,,Мужчина,25-34 лет
26,85c07314-0f74-59e8-9a96-9e9363a07d64,2019-12-16 20:52:54,2019-12-16 20:54:10,12aLco5Uf8m1gJsNEH2BPL,да,"'Drom
Авито
74.ру",drom.ru,auto.ru,avito.ru,,,"Да, я его вожу",в Челябинске,,Мужчина,35-44 лет
27,af64d5e5-ea69-53c8-a8da-89e6dbe3cbd7,2019-12-16 21:28:34,2019-12-16 21:29:13,12aLco5Uf8m1gJsNEH2BPL,да,"'Авито,дром",drom.ru,,avito.ru,,,"Да, я его вожу",в Челябинске,,Мужчина,25-34 лет
28,b78f6e45-41e8-575e-bdc2-cfd3c6d6dfc7,2019-12-16 21:28:57,2019-12-16 21:29:36,12aLco5Uf8m1gJsNEH2BPL,да,'Автору авито Юла ,,auto.ru,avito.ru,,,Нет,в Челябинске,,Мужчина,18-24 лет
29,e2d81403-41d8-54d3-b5ad-201295621368,2019-12-16 21:37:34,2019-12-16 21:38:02,12aLco5Uf8m1gJsNEH2BPL,да,'Дром,drom.ru,auto.ru,,,,Нет,в Челябинске,,Мужчина,25-34 лет
30,405b12f4-f6a3-50b3-9609-00dc048202d8,2019-12-16 22:13:13,2019-12-16 22:15:08,12aLco5Uf8m1gJsNEH2BPL,да,'Авто ру,,auto.ru,,,,"Да, я его вожу",в Челябинске,,Мужчина,35-44 лет
31,b133eb3a-cc0c-53bc-82eb-d2a05d92fab3,2019-12-16 23:04:41,2019-12-16 23:05:51,12aLco5Uf8m1gJsNEH2BPL,да,'Avito Drom.ru ,drom.ru,,avito.ru,,,"Да, я его вожу",в Челябинске,,Мужчина,18-24 лет
32,ed29195b-0821-56c7-980f-70b3f727dae2,2019-12-17 00:52:45,2019-12-17 00:53:12,12aLco5Uf8m1gJsNEH2BPL,да,'Авто.ру авито.дром,drom.ru,auto.ru,avito.ru,,,"Да, но я его не вожу",в Челябинске,,Мужчина,25-34 лет
33,ff3f03e8-c536-5394-a7a4-1ca853bb153f,2019-12-17 10:01:40,2019-12-17 10:02:35,12aLco5Uf8m1gJsNEH2BPL,да,"'авто.ру,  дром.ру,  автоспот",drom.ru,auto.ru,avito.ru,,,"Да, я его вожу",в Челябинске,,Мужчина,35-44 лет
34,d36cb2f2-7958-5f15-a0c1-8a56ce8d890b,2019-12-17 10:33:14,2019-12-17 10:34:19,12aLco5Uf8m1gJsNEH2BPL,да,'авто ру   авито   дром ру,,,avito.ru,,,"Да, я его вожу",в Челябинске,,Мужчина,18-24 лет
35,95ceae60-1f05-5bb8-ae68-fa74c709534b,2019-12-17 10:59:39,2019-12-17 11:00:17,12aLco5Uf8m1gJsNEH2BPL,да,'Авито ,drom.ru,auto.ru,avito.ru,,,"Да, я его вожу",в Челябинской области,,Мужчина,18-24 лет
36,831d0687-92f5-531b-9cc5-cd746a403c27,2019-12-17 11:05:44,2019-12-17 11:06:02,12aLco5Uf8m1gJsNEH2BPL,да,'дром ру,drom.ru,auto.ru,avito.ru,,,Нет,в Челябинске,,Мужчина,25-34 лет
37,e953acda-56ee-5292-b3ee-92328f58570a,2019-12-17 11:19:16,2019-12-17 11:19:51,12aLco5Uf8m1gJsNEH2BPL,да,'Авто ру,,auto.ru,,,,"Да, но я его не вожу",в Челябинской области,,Мужчина,Менее 18 лет
38,dd22814f-0e39-507c-8072-a815c1abee26,2019-12-17 11:30:56,2019-12-17 11:31:31,12aLco5Uf8m1gJsNEH2BPL,да,'яндекс,,,avito.ru,,,"Да, я его вожу",в Челябинской области,,Мужчина,35-44 лет
39,da1d8227-4f65-5496-8b99-40e2a1618550,2019-12-17 11:34:23,2019-12-17 11:34:54,12aLco5Uf8m1gJsNEH2BPL,да,'Авто.ру,drom.ru,auto.ru,avito.ru,,,"Да, я его вожу",в Челябинске,,Мужчина,25-34 лет
40,ffbb0124-4bab-5f6f-b450-21a15e778c2e,2019-12-17 11:51:08,2019-12-17 11:51:45,12aLco5Uf8m1gJsNEH2BPL,да,'Drom.ru,drom.ru,,avito.ru,,,"Да, я его вожу",в Челябинске,,Мужчина,25-34 лет
41,f47a0ed2-188d-58c5-a9ab-2564b2486316,2019-12-17 12:00:57,2019-12-17 12:01:35,12aLco5Uf8m1gJsNEH2BPL,да,'дром.ру. авто.ру,drom.ru,auto.ru,avito.ru,,,"Да, я его вожу",в Челябинске,,Мужчина,45-50 лет
42,cb76eead-0f75-56d7-908a-e6b81a245d45,2019-12-17 12:04:24,2019-12-17 12:07:21,12aLco5Uf8m1gJsNEH2BPL,да,'дром.ру,drom.ru,,,,,"Да, я его вожу",в Челябинске,,Мужчина,45-50 лет
43,67709445-70b1-5be5-80e1-9938bae82281,2019-12-17 13:09:17,2019-12-17 13:09:50,12aLco5Uf8m1gJsNEH2BPL,да,'Автору,,auto.ru,,,,"Да, но я его не вожу",в Челябинске,,Мужчина,45-50 лет
44,a14d50aa-d26c-5ca1-905c-b7e723d2ceec,2019-12-17 13:20:21,2019-12-17 13:20:42,12aLco5Uf8m1gJsNEH2BPL,да,'Авито,drom.ru,,avito.ru,,,"Да, я его вожу",в Челябинске,,Мужчина,35-44 лет
45,c5f7e7c9-bc6e-5445-89ad-ea31e0ac996e,2019-12-17 13:44:41,2019-12-17 13:45:28,12aLco5Uf8m1gJsNEH2BPL,да,'avito drom avto.ru,,auto.ru,avito.ru,,,"Да, я его вожу",в Челябинске,,Мужчина,35-44 лет
46,66e7d0c4-8969-580f-9d5f-03af4b9fddba,2019-12-17 13:55:57,2019-12-17 13:56:37,12aLco5Uf8m1gJsNEH2BPL,да,'Авито,,,avito.ru,,,"Да, я его вожу",в Челябинске,,Мужчина,35-44 лет
47,c8f4a81f-aeb4-5d14-bf41-6e55226d9b0b,2019-12-17 14:04:39,2019-12-17 14:05:05,12aLco5Uf8m1gJsNEH2BPL,да,'дром,drom.ru,auto.ru,avito.ru,,,"Да, я его вожу",в Челябинске,,Мужчина,25-34 лет
48,94acdfb6-8023-572f-87c1-6a5a9c9b6d7f,2019-12-17 14:14:22,2019-12-17 14:15:31,12aLco5Uf8m1gJsNEH2BPL,да,"'Авто ру ,авито",drom.ru,auto.ru,avito.ru,,,"Да, я его вожу",в Челябинске,,Мужчина,18-24 лет
49,e9fb5970-9c57-5de1-b3dd-e2ccb520ad11,2019-12-17 14:25:54,2019-12-17 14:26:34,12aLco5Uf8m1gJsNEH2BPL,да,"'авито ,дром ру ,авто ру
",drom.ru,auto.ru,avito.ru,,,"Да, я его вожу",в Челябинской области,,Мужчина,18-24 лет
50,da6db12b-bd2c-5337-ab57-1d5af74d9e66,2019-12-17 15:06:38,2019-12-17 15:07:11,12aLco5Uf8m1gJsNEH2BPL,да,'Авито,,,avito.ru,,,Нет,в Челябинске,,Мужчина,Менее 18 лет
51,35f8cee3-a499-5b21-8420-2381ba33b32e,2019-12-17 15:07:28,2019-12-17 15:08:02,12aLco5Uf8m1gJsNEH2BPL,да,'Авито,drom.ru,auto.ru,,,,"Да, я его вожу",в Челябинске,,Мужчина,35-44 лет
52,97b6db78-f9b6-5f1e-a3c4-06308c5b39ac,2019-12-17 15:13:11,2019-12-17 15:13:40,12aLco5Uf8m1gJsNEH2BPL,да,"'Авито, Дром.ру, Авто.ру",drom.ru,auto.ru,avito.ru,,,"Да, я его вожу",в Челябинске,,Мужчина,25-34 лет
53,ac0f5e3e-821d-56bd-ac12-10dfa651a287,2019-12-17 15:33:31,2019-12-17 15:34:19,12aLco5Uf8m1gJsNEH2BPL,да,'Авто.ру,,auto.ru,avito.ru,,,"Да, но я его не вожу",в Челябинской области,,Мужчина,18-24 лет
54,c950cda8-312e-5a1b-9f60-741fcd6d7507,2019-12-17 15:56:02,2019-12-17 15:57:28,12aLco5Uf8m1gJsNEH2BPL,да,'Авито,,,avito.ru,,,Нет,в Челябинске,,Мужчина,35-44 лет
55,b1e9032d-2e5e-5012-8ceb-190eba4a4511,2019-12-17 16:15:55,2019-12-17 16:16:21,12aLco5Uf8m1gJsNEH2BPL,да,"'Ни одного
",drom.ru,,,,,"Да, но я его не вожу",в Челябинской области,,Мужчина,18-24 лет
56,a5b100ec-bcc5-54ff-ad02-2a09351e7397,2019-12-17 16:52:41,2019-12-17 16:53:29,12aLco5Uf8m1gJsNEH2BPL,да,'авито дром,drom.ru,,avito.ru,,,"Да, я его вожу",в Челябинской области,,Мужчина,35-44 лет
57,c325f2fd-0fb4-5be7-8304-b0b48297ea4d,2019-12-17 17:10:48,2019-12-17 17:12:48,12aLco5Uf8m1gJsNEH2BPL,да,"'avito. 
avto.ru. 
drom.
",,,avito.ru,,,"Да, я его вожу",в Челябинске,,Мужчина,35-44 лет
58,f56eb7d7-cb12-5b36-bc3b-34c30211e3a8,2019-12-17 17:46:59,2019-12-17 17:47:44,12aLco5Uf8m1gJsNEH2BPL,да,"'дром, авито",,,avito.ru,,,Нет,в Челябинске,,Мужчина,18-24 лет
59,1aa4420f-5b3a-590d-952b-af7359dd6211,2019-12-17 18:19:01,2019-12-17 18:19:41,12aLco5Uf8m1gJsNEH2BPL,да,'Дром. Ру,drom.ru,,,,,Нет,в Челябинске,,Мужчина,18-24 лет
60,0f782496-3ab7-53e0-8eb4-167c14cb79c6,2019-12-17 18:48:31,2019-12-17 18:49:40,12aLco5Uf8m1gJsNEH2BPL,да,"'Авито,Дром,автору",,auto.ru,avito.ru,,,"Да, я его вожу",в Челябинске,,Мужчина,35-44 лет
61,d351b7f7-0c3c-5e8f-8433-302e3d4d30d9,2019-12-17 20:26:09,2019-12-17 20:27:00,12aLco5Uf8m1gJsNEH2BPL,да,'дром,drom.ru,auto.ru,avito.ru,74ру,74ру,"Да, я его вожу",в Челябинске,,Мужчина,45-50 лет
62,659c4db9-00a5-5c5f-bff4-aa721d6fe84c,2019-12-17 20:36:21,2019-12-17 20:37:10,12aLco5Uf8m1gJsNEH2BPL,да,"'авто.ру
Дром
авито",,auto.ru,,,,"Да, я его вожу",в Челябинске,,Мужчина,25-34 лет
63,60d59a3c-0116-599b-aa81-a0aebabc86b4,2019-12-17 20:44:24,2019-12-17 20:46:11,12aLco5Uf8m1gJsNEH2BPL,да,'Auto.ru.    drom.ru,drom.ru,auto.ru,avito.ru,,,Нет,в Челябинске,,Мужчина,25-34 лет
64,5a765b8b-16d3-5fa5-810f-1367c9342737,2019-12-17 20:50:32,2019-12-17 20:50:52,12aLco5Uf8m1gJsNEH2BPL,да,'Авито,drom.ru,auto.ru,avito.ru,,,"Да, я его вожу",в Челябинске,,Мужчина,35-44 лет
65,18c19694-0e4c-58d7-ab5a-f08959435c27,2019-12-17 21:38:39,2019-12-17 21:40:36,12aLco5Uf8m1gJsNEH2BPL,да,'Gidra.onion,,,,Gidra.onion,Gidra.onion,Нет,в Челябинске,,Мужчина,51 и более лет
66,38a51165-938a-53d5-99a8-fba0cf726e2a,2019-12-17 22:05:38,2019-12-17 22:06:18,12aLco5Uf8m1gJsNEH2BPL,да,'Drom.ru ; auto.ru ; avito ; youla,drom.ru,auto.ru,,,,"Да, я его вожу",в Челябинске,,Мужчина,18-24 лет
67,58d8af00-5664-5c17-90d8-68c959fce323,2019-12-17 22:31:37,2019-12-17 22:32:18,12aLco5Uf8m1gJsNEH2BPL,да,"'Авто ру, авито",,auto.ru,avito.ru,,,"Да, я его вожу",в Челябинске,,Мужчина,18-24 лет
68,2cfb8551-bdce-5ded-8ffb-4201acaa4b67,2019-12-17 22:40:50,2019-12-17 22:41:30,12aLco5Uf8m1gJsNEH2BPL,да,"'авто ру, дром ру,",drom.ru,auto.ru,,,,"Да, я его вожу",в Челябинске,,Мужчина,35-44 лет
69,515a9fc7-dc45-5806-959d-a41702f4b10a,2019-12-17 23:01:37,2019-12-17 23:02:46,12aLco5Uf8m1gJsNEH2BPL,да,"'drom.ru, auto.ru, avito.ru",,auto.ru,avito.ru,,,Нет,в Челябинске,,Мужчина,35-44 лет
70,bd504dea-4971-5706-8f3d-614ff0af7ab6,2019-12-17 23:23:50,2019-12-17 23:24:21,12aLco5Uf8m1gJsNEH2BPL,да,'нисан,,,avito.ru,,,Нет,в Челябинске,,Мужчина,35-44 лет
71,80675120-582e-58c9-83be-233c9eb76215,2019-12-18 01:09:49,2019-12-18 01:10:40,12aLco5Uf8m1gJsNEH2BPL,да,"'Авито, Дром ру, юла",drom.ru,auto.ru,avito.ru,,,"Да, я его вожу",в Челябинске,,Мужчина,18-24 лет
72,9a4e0bbe-cb08-5854-862b-d73b90790508,2019-12-18 02:51:56,2019-12-18 02:52:34,12aLco5Uf8m1gJsNEH2BPL,да,"'Drom.ru
Auto.ru",drom.ru,auto.ru,avito.ru,,,"Да, но я его не вожу",в Челябинске,,Мужчина,25-34 лет
73,ca1b60bb-11fa-5864-a651-5e8775ee1c28,2019-12-18 05:53:45,2019-12-18 05:54:15,12aLco5Uf8m1gJsNEH2BPL,да,'дром,drom.ru,auto.ru,,,,"Да, я его вожу",в Челябинске,,Мужчина,45-50 лет
74,ec84a8e9-c74a-576f-b44d-438318aa9155,2019-12-18 06:38:23,2019-12-18 06:38:50,12aLco5Uf8m1gJsNEH2BPL,да,'Авито,,,avito.ru,,,Нет,в Челябинске,,Мужчина,35-44 лет
75,4d7dc1a2-79bd-566e-b830-4c1381313b9e,2019-12-18 07:50:20,2019-12-18 07:50:46,12aLco5Uf8m1gJsNEH2BPL,да,'avito,,auto.ru,,,,"Да, я его вожу",в Челябинске,,Мужчина,45-50 лет
76,fe9a763e-8c6a-58ec-9ba0-98557bb9af41,2019-12-18 09:05:24,2019-12-18 09:05:55,12aLco5Uf8m1gJsNEH2BPL,да,'e1.ru Drom.ru,drom.ru,,avito.ru,E1.ru,E1.ru,Нет,в Челябинске,,Мужчина,18-24 лет
77,32b4e840-cfa1-59f6-9566-35ebd16855b4,2019-12-18 11:04:57,2019-12-18 11:05:25,12aLco5Uf8m1gJsNEH2BPL,да,"'Дром, Авито, авто",drom.ru,auto.ru,avito.ru,,,"Да, я его вожу",в Челябинске,,Мужчина,35-44 лет
78,0cd25803-f206-5bfa-9e49-43706d22c8c9,2019-12-18 12:11:06,2019-12-18 12:11:55,12aLco5Uf8m1gJsNEH2BPL,да,'Дром.ру,drom.ru,,,,,"Да, но я его не вожу",в Челябинске,,Мужчина,35-44 лет
79,35986702-b0a6-507e-976e-c85ac0a7ce8d,2019-12-18 12:16:42,2019-12-18 12:17:32,12aLco5Uf8m1gJsNEH2BPL,да,'Дром,drom.ru,auto.ru,avito.ru,,,"Да, но я его не вожу",в Челябинске,,Мужчина,18-24 лет
80,badd387c-7556-5817-8997-2de22551543f,2019-12-18 13:45:36,2019-12-18 13:46:34,12aLco5Uf8m1gJsNEH2BPL,да,'Avito,,,avito.ru,,,Нет,в Челябинске,,Мужчина,18-24 лет
81,bcc43868-7e7e-55e7-a98d-e3a32e492163,2019-12-18 14:11:23,2019-12-18 14:12:02,12aLco5Uf8m1gJsNEH2BPL,да,'drom,drom.ru,auto.ru,avito.ru,,,Нет,в Челябинске,,Мужчина,35-44 лет
82,4967c6db-d6d3-5534-ada9-7ce3c8eedfc1,2019-12-18 15:52:47,2019-12-18 15:53:12,12aLco5Uf8m1gJsNEH2BPL,да,"'авито, дромру",,,avito.ru,,,"Да, я его вожу",в Челябинске,,Мужчина,18-24 лет
83,dbc00e7f-273c-58b5-ab6c-ea1aa248f4ca,2019-12-18 15:57:42,2019-12-18 15:58:11,12aLco5Uf8m1gJsNEH2BPL,да,'авито,drom.ru,,avito.ru,,,"Да, я его вожу",в Челябинске,,Мужчина,25-34 лет
84,c3e99a7b-aa60-51ae-88c1-ee5b5508436b,2019-12-18 17:16:45,2019-12-18 17:17:21,12aLco5Uf8m1gJsNEH2BPL,да,'авто.ру,drom.ru,auto.ru,avito.ru,,,"Да, я его вожу",в Челябинске,,Мужчина,45-50 лет
85,bba19689-a7c6-5c1f-ad0a-2037817b9d8c,2019-12-18 19:02:54,2019-12-18 19:03:50,12aLco5Uf8m1gJsNEH2BPL,да,"'Дром ру
Авто ру
Авито",,auto.ru,avito.ru,,,"Да, я его вожу",в Челябинске,,Мужчина,45-50 лет
86,aa97ae67-e187-5d71-8faf-5f67aa85fa37,2019-12-19 04:01:27,2019-12-19 04:02:21,12aLco5Uf8m1gJsNEH2BPL,да,'авито,,auto.ru,avito.ru,,,"Да, я его вожу",в Челябинске,,Мужчина,45-50 лет
87,e9260211-bf95-5490-bac7-fe7449ecd344,2019-12-19 06:32:57,2019-12-19 06:33:30,12aLco5Uf8m1gJsNEH2BPL,да,'avito,drom.ru,auto.ru,avito.ru,,,Нет,в Челябинске,,Мужчина,35-44 лет
88,4edb2ce5-169d-5ed5-a2f4-cde4a3b6bb7a,2019-12-19 07:29:29,2019-12-19 07:29:59,12aLco5Uf8m1gJsNEH2BPL,да,"'Авито
Дром
Автору",drom.ru,auto.ru,avito.ru,,,"Да, я его вожу",в Челябинске,,Мужчина,35-44 лет
89,b06214ad-4444-5f7e-b68b-1f72b21c5362,2019-12-19 09:23:09,2019-12-19 09:23:52,12aLco5Uf8m1gJsNEH2BPL,да,"'Auto.ru, Avito",,auto.ru,,,,Нет,в Челябинске,,Мужчина,25-34 лет
90,5cdb0d8f-7355-5dcf-8869-96dedbcd790d,2019-12-19 12:07:03,2019-12-19 12:08:20,12aLco5Uf8m1gJsNEH2BPL,да,'Sysyce@madl.com,,auto.ru,avito.ru,,,"Да, я его вожу",в Челябинске,,Мужчина,18-24 лет
91,c2555922-677c-542c-a3cd-c4a5083332c5,2019-12-19 14:34:31,2019-12-19 14:35:19,12aLco5Uf8m1gJsNEH2BPL,да,'авто ру,drom.ru,auto.ru,avito.ru,,,"Да, я его вожу",в Челябинске,,Мужчина,45-50 лет
92,709b0e0e-10c1-53e0-b023-ab76adebb913,2019-12-19 14:49:36,2019-12-19 14:50:46,12aLco5Uf8m1gJsNEH2BPL,да,"'Авто ру, авито, юла, дром. ",drom.ru,auto.ru,avito.ru,Юла,Юла,Нет,в Челябинске,,Мужчина,25-34 лет
93,e078d5a4-0148-537b-b42e-eb793086e34c,2019-12-19 15:03:05,2019-12-19 15:03:40,12aLco5Uf8m1gJsNEH2BPL,да,'дром.ру,drom.ru,,,,,"Да, я его вожу",в Челябинске,,Мужчина,45-50 лет
94,00037081-ebe0-52ad-ab3b-3f0cc6e2ecac,2019-12-19 16:37:13,2019-12-19 16:37:32,12aLco5Uf8m1gJsNEH2BPL,да,'Авито,,,avito.ru,,,"Да, я его вожу",в Челябинске,,Мужчина,25-34 лет
95,538d64c3-604f-5fe7-8932-8a265f33c52f,2019-12-19 17:25:32,2019-12-19 17:25:58,12aLco5Uf8m1gJsNEH2BPL,да,'авито,,,avito.ru,,,"Да, я его вожу",в Челябинске,,Мужчина,35-44 лет
96,a930f1ef-e1bc-55a4-a7af-1ed77bb33233,2019-12-19 18:40:42,2019-12-19 18:41:25,12aLco5Uf8m1gJsNEH2BPL,да,"'Drom, Auto, Avito Auto",drom.ru,,,,,"Да, но я его не вожу",в Челябинске,,Мужчина,Менее 18 лет
97,96fd503f-7997-5b76-b645-c9768fbf61cc,2019-12-19 19:47:16,2019-12-19 19:48:01,12aLco5Uf8m1gJsNEH2BPL,да,"'Авито, Дром ру",drom.ru,,,,,"Да, я его вожу",в Челябинске,,Мужчина,18-24 лет
98,803798c0-b835-5380-9b79-560bee603faf,2019-12-19 20:22:21,2019-12-19 20:23:02,12aLco5Uf8m1gJsNEH2BPL,да,"'Авито,дром.ру",,auto.ru,,,,Нет,в Челябинской области,,Мужчина,18-24 лет
99,770a3872-60ce-56b8-9fc1-eed06ce80550,2019-12-19 20:25:16,2019-12-19 20:25:59,12aLco5Uf8m1gJsNEH2BPL,да,'авто.ру,,auto.ru,,,,"Да, я его вожу",в Челябинске,,Мужчина,18-24 лет
100,503b1371-c00c-5e04-b5af-9dd90cf88059,2019-12-19 21:00:39,2019-12-19 21:01:29,12aLco5Uf8m1gJsNEH2BPL,да,'Saturn. Mia. Isuzu,drom.ru,auto.ru,avito.ru,,,"Да, я его вожу",в Челябинске,,Мужчина,25-34 лет
101,408c6e71-9b9b-53f0-974b-ae4baa7023b4,2019-12-19 21:46:28,2019-12-19 21:46:53,12aLco5Uf8m1gJsNEH2BPL,да,'Drom.ru,drom.ru,auto.ru,avito.ru,,,"Да, я его вожу",в Челябинске,,Мужчина,25-34 лет
102,dfcdec1a-c4f0-519e-a83c-9fe20b83fdcd,2019-12-19 22:55:41,2019-12-19 22:56:25,12aLco5Uf8m1gJsNEH2BPL,да,"'авто ру авито дром юла 
",drom.ru,,,,,"Да, но я его не вожу",в Челябинской области,,Мужчина,18-24 лет
103,8a55c5b3-3c1a-5882-9d8c-ae5c856260fd,2019-12-19 23:10:51,2019-12-19 23:11:31,12aLco5Uf8m1gJsNEH2BPL,да,'drom.ru,drom.ru,auto.ru,,,,Нет,в Челябинске,,Мужчина,45-50 лет
104,47c10dde-db63-56fc-8ca1-dffc08255200,2019-12-19 23:38:08,2019-12-19 23:38:55,12aLco5Uf8m1gJsNEH2BPL,да,'Авто.ру drom.ru,,auto.ru,,,,"Да, я его вожу",в Челябинске,,Мужчина,18-24 лет
105,86736dd9-327a-54e4-b1bb-362f2b131605,2019-12-20 08:28:06,2019-12-20 08:29:01,12aLco5Uf8m1gJsNEH2BPL,да,"'авито, авточел, Дром, автору",,auto.ru,,,,"Да, я его вожу",в Челябинске,,Мужчина,25-34 лет
106,ab271a23-d092-5352-b4ba-f3939041ceb5,2019-12-20 08:54:05,2019-12-20 08:54:28,12aLco5Uf8m1gJsNEH2BPL,да,'дром,drom.ru,,,,,"Да, я его вожу",в Челябинске,,Мужчина,35-44 лет
107,0767840c-1d73-56f6-91bf-07e7c9d1e4a1,2019-12-20 09:06:35,2019-12-20 09:07:18,12aLco5Uf8m1gJsNEH2BPL,да,'Дром,drom.ru,,avito.ru,,,"Да, я его вожу",в Челябинске,,Мужчина,35-44 лет
108,69a728b5-f91e-5f63-b395-b38de243fc3b,2019-12-20 09:56:08,2019-12-20 09:56:44,12aLco5Uf8m1gJsNEH2BPL,да,"'авито
авто ру",,auto.ru,avito.ru,,,"Да, я его вожу",в Челябинске,,Мужчина,35-44 лет
109,dbb3ef8f-3ef0-5b90-b59f-202fbf42e4fc,2019-12-20 10:38:03,2019-12-20 10:38:27,12aLco5Uf8m1gJsNEH2BPL,да,'никакие,,auto.ru,,,,"Да, но я его не вожу",в Челябинске,,Мужчина,18-24 лет
110,c4496811-8a65-5ad0-8c4a-399904ec7d48,2019-12-20 11:11:07,2019-12-20 11:12:17,12aLco5Uf8m1gJsNEH2BPL,да,'авто ру,,auto.ru,,,,"Да, я его вожу",в Челябинске,,Мужчина,35-44 лет
111,528aa1a9-236b-5e88-adbb-75e26a928596,2019-12-20 11:31:34,2019-12-20 11:32:09,12aLco5Uf8m1gJsNEH2BPL,да,"'Авито , даром ",drom.ru,,avito.ru,,,"Да, я его вожу",в Челябинской области,,Мужчина,18-24 лет
112,1508cc6e-6ed5-5d5b-87e9-9d571633e5dd,2019-12-20 11:45:32,2019-12-20 11:46:07,12aLco5Uf8m1gJsNEH2BPL,да,'Avito ,,,avito.ru,,,"Да, я его вожу",в Челябинске,,Мужчина,35-44 лет
113,61bc889a-0bc4-510e-93c5-5229323e2b1b,2019-12-20 12:06:27,2019-12-20 12:06:48,12aLco5Uf8m1gJsNEH2BPL,да,'авито,drom.ru,auto.ru,avito.ru,,,"Да, я его вожу",в Челябинске,,Мужчина,35-44 лет
114,02874e39-6be1-5e2e-9446-2641da9e8299,2019-12-20 12:19:14,2019-12-20 12:19:48,12aLco5Uf8m1gJsNEH2BPL,да,"'авито,юла,авто.ру",drom.ru,,,,,"Да, но я его не вожу",в Челябинской области,,Мужчина,Менее 18 лет
115,b873ab68-8772-5d34-848a-efa7340cce80,2019-12-20 12:27:06,2019-12-20 12:27:49,12aLco5Uf8m1gJsNEH2BPL,да,"'Авито, авто ру, юля ",,auto.ru,,,,"Да, но я его не вожу",в Челябинске,,Мужчина,18-24 лет
116,3996549e-c860-504d-aa7e-dcc7ae03b824,2019-12-20 12:38:30,2019-12-20 12:39:10,12aLco5Uf8m1gJsNEH2BPL,да,'Авито Дром ,,,avito.ru,,,Нет,в Челябинске,,Мужчина,18-24 лет
117,da5cb982-b29f-5ffc-a5ee-7c3f1b611395,2019-12-20 12:43:15,2019-12-20 12:44:18,12aLco5Uf8m1gJsNEH2BPL,да,"'Авто.ру,авито,юла",,auto.ru,,,,Нет,в Челябинске,,Мужчина,18-24 лет
118,162a0447-92fe-5126-8e8a-e847c612b9cf,2019-12-20 13:34:05,2019-12-20 13:34:35,12aLco5Uf8m1gJsNEH2BPL,да,'Avito,,auto.ru,,,,Нет,в Челябинской области,,Мужчина,Менее 18 лет
119,d2007be8-96a5-561d-bd02-c3dbaa87ad95,2019-12-20 17:02:07,2019-12-20 17:02:58,12aLco5Uf8m1gJsNEH2BPL,да,'авто ру,drom.ru,auto.ru,avito.ru,,,"Да, я его вожу",в Челябинске,,Мужчина,25-34 лет
120,df3bb3b7-51a5-5c25-b0cf-3445598610ed,2019-12-20 18:21:30,2019-12-20 18:21:56,12aLco5Uf8m1gJsNEH2BPL,да,'авито,drom.ru,auto.ru,avito.ru,,,Нет,в Челябинске,,Мужчина,25-34 лет
121,41fda60a-08fa-56bd-9e63-fc801e4e6b89,2019-12-20 21:22:35,2019-12-20 21:23:19,12aLco5Uf8m1gJsNEH2BPL,да,'авито,,auto.ru,avito.ru,,,"Да, я его вожу",в Челябинске,,Мужчина,35-44 лет
122,c777b2ae-0913-5117-9c8e-7c55ba9d035b,2019-12-20 21:34:51,2019-12-20 21:36:01,12aLco5Uf8m1gJsNEH2BPL,да,'Дром.ру,drom.ru,,,,,"Да, но я его не вожу",в Челябинске,,Мужчина,35-44 лет
123,8c8d5417-74ec-5fb4-a015-3ea1c01d6720,2019-12-20 21:58:00,2019-12-20 22:00:43,12aLco5Uf8m1gJsNEH2BPL,да,"'Auto.ru, carprice и Автоборахолка onliner",,auto.ru,,,,"Да, я его вожу",в Челябинске,,Мужчина,35-44 лет
124,1ca33336-8745-5dec-b952-b20adeafb0b6,2019-12-20 22:24:43,2019-12-20 22:25:09,12aLco5Uf8m1gJsNEH2BPL,да,'авито,drom.ru,auto.ru,avito.ru,,,"Да, я его вожу",в Челябинске,,Мужчина,35-44 лет
125,cedd50fa-ac72-5129-a62d-ff35dd85e67d,2019-12-20 23:47:14,2019-12-20 23:47:39,12aLco5Uf8m1gJsNEH2BPL,да,'дром.ру,drom.ru,auto.ru,,,,"Да, я его вожу",в Челябинске,,Мужчина,18-24 лет
126,74cdffb2-edc5-5adc-b8af-de579c01a25c,2019-12-21 02:08:20,2019-12-21 02:09:05,12aLco5Uf8m1gJsNEH2BPL,да,"'Авто.ру
Авито",,auto.ru,avito.ru,,,Нет,в Челябинске,,Мужчина,18-24 лет
127,516ffeb2-fa9f-5a9c-920e-30093d1aaa7e,2019-12-21 10:14:04,2019-12-21 10:14:42,12aLco5Uf8m1gJsNEH2BPL,да,'Авто.ру авито,drom.ru,auto.ru,avito.ru,,,"Да, я его вожу",в Челябинске,,Мужчина,25-34 лет
128,91aea216-a55c-5a10-afcd-f717e2976dcd,2019-12-21 10:15:42,2019-12-21 10:16:53,12aLco5Uf8m1gJsNEH2BPL,да,'Авито авто ру  дром ,drom.ru,auto.ru,avito.ru,,,"Да, я его вожу",в Челябинске,,Мужчина,35-44 лет
129,13f14a19-9058-5679-a89f-63ad83f53250,2019-12-21 13:03:57,2019-12-21 13:04:50,12aLco5Uf8m1gJsNEH2BPL,да,"'Drom.ru
Avito",drom.ru,,,,,"Да, но я его не вожу",в Челябинске,,Мужчина,18-24 лет
130,82b77a5d-1ce0-520d-95ef-4c762ec3bc66,2019-12-21 13:14:32,2019-12-21 13:14:58,12aLco5Uf8m1gJsNEH2BPL,да,'авто.ру,,auto.ru,avito.ru,,,"Да, я его вожу",в Челябинске,,Мужчина,35-44 лет
131,3c03d1b2-9d1b-5a85-b6c5-1ac4e6b86da2,2019-12-21 14:04:33,2019-12-21 14:05:29,12aLco5Uf8m1gJsNEH2BPL,да,' Авито Дром автору ,drom.ru,,avito.ru,,,"Да, я его вожу",Другое (впишите свой вариант),Курганская область,Мужчина,25-34 лет
132,d048b5fe-63ba-50ce-839f-87a372daf94c,2019-12-21 14:08:08,2019-12-21 14:09:07,12aLco5Uf8m1gJsNEH2BPL,да,"'Avito, avto",drom.ru,,,,,Нет,в Челябинске,,Мужчина,18-24 лет
133,bc134c5c-c1e9-54dc-8e7f-91b1355fd61a,2019-12-21 16:04:25,2019-12-21 16:06:36,12aLco5Uf8m1gJsNEH2BPL,да,"'drom, avito, youla",drom.ru,,,,,Нет,в Челябинской области,,Мужчина,35-44 лет
134,67c31193-2322-59c1-959f-87252f7d7e1e,2019-12-21 16:15:45,2019-12-21 16:16:23,12aLco5Uf8m1gJsNEH2BPL,да,'drom.ru,drom.ru,,,,,Нет,в Челябинске,,Мужчина,35-44 лет
135,caed6137-739f-5eb9-b3c9-22e9a62514ab,2019-12-21 16:52:09,2019-12-21 16:52:34,12aLco5Uf8m1gJsNEH2BPL,да,'дром,drom.ru,auto.ru,avito.ru,,,Нет,в Челябинске,,Мужчина,35-44 лет
136,f5abf221-0350-59e5-b961-ed03292a30a8,2019-12-21 17:55:56,,12aLco5Uf8m1gJsNEH2BPL,нет,'Дром ру,drom.ru,auto.ru,,,,Нет,,,,
137,54eb05f3-01c9-508d-a101-68c0fa044bd9,2019-12-21 18:28:15,2019-12-21 18:28:52,12aLco5Uf8m1gJsNEH2BPL,да,'Avito,,,avito.ru,,,"Да, я его вожу",в Челябинске,,Мужчина,18-24 лет
138,7b907bb2-8f65-5434-b5b4-fb7b55b4aab5,2019-12-21 18:48:45,2019-12-21 18:49:24,12aLco5Uf8m1gJsNEH2BPL,да,'Авито,,,avito.ru,,,"Да, я его вожу",в Челябинской области,,Мужчина,18-24 лет
139,c4bcfb9c-8d81-51e8-a88a-2988d9c57c03,2019-12-21 19:09:49,2019-12-21 19:10:44,12aLco5Uf8m1gJsNEH2BPL,да,"'Юла, Авито",,auto.ru,avito.ru,,,"Да, я его вожу",в Челябинске,,Мужчина,25-34 лет
140,9b15b526-6351-571b-9f43-ebe337b7718e,2019-12-21 19:15:56,2019-12-21 19:16:21,12aLco5Uf8m1gJsNEH2BPL,да,"'avito
",,auto.ru,avito.ru,,,"Да, я его вожу",в Челябинске,,Мужчина,18-24 лет
141,7320ed35-6ce2-5445-91d4-885c0639639b,2019-12-21 19:44:18,2019-12-21 19:45:04,12aLco5Uf8m1gJsNEH2BPL,да,'Авито,drom.ru,auto.ru,avito.ru,,,"Да, я его вожу",в Челябинской области,,Мужчина,25-34 лет
142,a0107007-fcf9-5e47-aa41-0d2fb4b75323,2019-12-21 20:14:55,2019-12-21 20:16:31,12aLco5Uf8m1gJsNEH2BPL,да,"'Avito, drom. Ru, auto. Ru",drom.ru,auto.ru,avito.ru,,,Нет,в Челябинской области,,Мужчина,18-24 лет
143,cc58ad17-24a2-53f0-9091-243bc585b083,2019-12-21 20:21:15,2019-12-21 20:31:07,12aLco5Uf8m1gJsNEH2BPL,да,'Дром ру,drom.ru,auto.ru,avito.ru,,,Нет,в Челябинске,,Мужчина,35-44 лет
144,f84ab0d2-257d-563e-b10d-16c8239ed4e6,2019-12-21 20:37:46,2019-12-21 20:38:57,12aLco5Uf8m1gJsNEH2BPL,да,"'Дром, авито, авто. ру, ",drom.ru,auto.ru,avito.ru,,,"Да, я его вожу",в Челябинске,,Мужчина,35-44 лет
145,2806f9d6-02e6-5f06-80ae-fb3541c8b051,2019-12-21 21:13:51,2019-12-21 21:14:28,12aLco5Uf8m1gJsNEH2BPL,да,'Авто ру,drom.ru,,,,,"Да, но я его не вожу",в Челябинске,,Мужчина,Менее 18 лет
146,1f05baee-a263-5632-9859-68c14e8ba779,2019-12-21 21:42:36,2019-12-21 21:43:25,12aLco5Uf8m1gJsNEH2BPL,да,'авито,,auto.ru,avito.ru,,,Нет,в Челябинске,,Мужчина,45-50 лет
147,42ba813e-6c9c-562f-8f1a-68e878aa1348,2019-12-21 22:24:00,2019-12-21 22:24:30,12aLco5Uf8m1gJsNEH2BPL,да,'Авито,drom.ru,,avito.ru,,,"Да, но я его не вожу",в Челябинске,,Мужчина,25-34 лет
148,d7c3213b-0d51-502d-b9d2-84c8fbda0646,2019-12-21 22:44:01,2019-12-21 22:45:20,12aLco5Uf8m1gJsNEH2BPL,да,"'Avito, avto, 74.ru, юла",drom.ru,auto.ru,avito.ru,,,"Да, я его вожу",в Челябинске,,Мужчина,35-44 лет
149,3bc1c94f-5410-52a2-84ae-fee375f2b730,2019-12-21 23:32:06,2019-12-21 23:33:18,12aLco5Uf8m1gJsNEH2BPL,да,"'Drom.ru
Auto.ru
Avito.ru",drom.ru,auto.ru,avito.ru,,,"Да, я его вожу",в Челябинской области,,Мужчина,25-34 лет
150,779e55fa-a98e-57e4-be0e-060ac1d6317d,2019-12-21 23:32:22,2019-12-21 23:33:06,12aLco5Uf8m1gJsNEH2BPL,да,'Авито,,,avito.ru,,,"Да, но я его не вожу",в Челябинской области,,Мужчина,25-34 лет
151,e8257d26-386c-5589-9c87-57271ce511c4,2019-12-21 23:45:41,2019-12-21 23:46:57,12aLco5Uf8m1gJsNEH2BPL,да,"'Авито,дромру",drom.ru,,,,,"Да, я его вожу",в Челябинске,,Мужчина,35-44 лет
152,22042d4f-46c1-5d19-81b6-2047e24e72da,2019-12-22 02:24:14,2019-12-22 02:24:57,12aLco5Uf8m1gJsNEH2BPL,да,'Avoto,,,avito.ru,,,"Да, но я его не вожу",в Челябинске,,Мужчина,18-24 лет
153,5bb57ba0-bb2c-5e31-8094-98a05a2b1712,2019-12-22 07:19:58,2019-12-22 07:22:02,12aLco5Uf8m1gJsNEH2BPL,да,"'Avito, drom.ru, авто.ру",drom.ru,,avito.ru,,,Нет,в Челябинске,,Мужчина,25-34 лет
154,a92ddd05-1822-5ed8-937e-4a02fefdf84d,2019-12-22 07:30:11,2019-12-22 07:31:40,12aLco5Uf8m1gJsNEH2BPL,да,'Aviito.,drom.ru,,,,,Нет,в Челябинске,,Мужчина,25-34 лет
155,c750df26-7380-50a9-a5a5-46db918d7bc1,2019-12-22 08:37:40,2019-12-22 08:38:43,12aLco5Uf8m1gJsNEH2BPL,да,'Poshol.naxyu.ru,,auto.ru,avito.ru,,,Нет,в Челябинске,,Мужчина,18-24 лет
156,04f912fe-29bd-593d-9c6e-d9e0dacecae0,2019-12-22 09:02:19,2019-12-22 09:03:11,12aLco5Uf8m1gJsNEH2BPL,да,'Автору,,auto.ru,,,,Нет,в Челябинске,,Мужчина,35-44 лет
157,aebf950d-6f3f-51b4-9ca6-7bc4c49119b9,2019-12-22 10:06:46,2019-12-22 10:07:23,12aLco5Uf8m1gJsNEH2BPL,да,'авто,drom.ru,auto.ru,,,,"Да, я его вожу",в Челябинске,,Мужчина,35-44 лет
158,6a4706a0-8145-50df-bf8e-d25d78f1f357,2019-12-22 10:54:57,2019-12-22 10:55:32,12aLco5Uf8m1gJsNEH2BPL,да,'Авито,,,avito.ru,,,"Да, но я его не вожу",в Челябинской области,,Мужчина,Менее 18 лет
159,80abeccc-44e7-5c6e-88a9-209da82c18f0,2019-12-22 12:29:34,2019-12-22 12:30:17,12aLco5Uf8m1gJsNEH2BPL,да,'авито,drom.ru,auto.ru,avito.ru,,,"Да, я его вожу",в Челябинске,,Мужчина,45-50 лет
160,96f6f1ef-b170-5575-b8ae-fb1f740487fd,2019-12-22 13:16:44,2019-12-22 13:17:47,12aLco5Uf8m1gJsNEH2BPL,да,'Avito юла drom ru,drom.ru,,avito.ru,,,"Да, я его вожу",в Челябинске,,Мужчина,25-34 лет
161,1ab8b96a-9a4a-5f1f-8910-f475563cf9d9,2019-12-22 13:26:41,2019-12-22 13:27:09,12aLco5Uf8m1gJsNEH2BPL,да,'Авто.ру,drom.ru,auto.ru,avito.ru,,,Нет,в Челябинске,,Мужчина,18-24 лет
162,1f014e8d-0c57-557e-98d2-894debfe55ce,2019-12-22 13:39:56,2019-12-22 13:40:40,12aLco5Uf8m1gJsNEH2BPL,да,'Авто ру,drom.ru,auto.ru,,,,"Да, я его вожу",в Челябинске,,Мужчина,35-44 лет
163,1460b514-933b-571c-86ee-115ed1c18038,2019-12-22 14:37:36,2019-12-22 14:38:42,12aLco5Uf8m1gJsNEH2BPL,да,'Дром ру,drom.ru,auto.ru,avito.ru,,,Нет,в Челябинске,,Мужчина,18-24 лет
164,e651eab9-1ce7-5e16-8548-7defb7f3cbee,2019-12-22 14:39:36,2019-12-22 14:40:32,12aLco5Uf8m1gJsNEH2BPL,да,'Auto.ru Avito drom ,,auto.ru,,,,"Да, но я его не вожу",в Челябинской области,,Мужчина,18-24 лет
165,356e1e1a-3c1d-5ac5-9208-ddd336656ce1,2019-12-22 15:02:05,2019-12-22 15:03:03,12aLco5Uf8m1gJsNEH2BPL,да,'Авто.ру ,,,avito.ru,,,"Да, но я его не вожу",в Челябинске,,Мужчина,18-24 лет
166,1f62b516-cee4-5d57-b5aa-213e5d003d50,2019-12-22 15:46:30,2019-12-22 15:47:26,12aLco5Uf8m1gJsNEH2BPL,да,'Авито,,auto.ru,avito.ru,,,"Да, но я его не вожу",в Челябинске,,Мужчина,35-44 лет
167,27837e1e-8dd8-5796-95c2-c1beb7d67579,2019-12-22 16:50:56,2019-12-22 16:51:43,12aLco5Uf8m1gJsNEH2BPL,да,"'Дром.ру
Авито
Авто.ру",drom.ru,auto.ru,avito.ru,,,"Да, я его вожу",в Челябинске,,Мужчина,18-24 лет
168,ad29d988-ec0b-560c-af3a-8c88cf3346ee,2019-12-22 16:56:31,2019-12-22 17:23:55,12aLco5Uf8m1gJsNEH2BPL,да,'Незнаю,drom.ru,auto.ru,avito.ru,,,"Да, я его вожу",в Челябинске,,Мужчина,35-44 лет
169,2eb9ea40-f556-51b4-b90d-fb7e7c20f339,2019-12-22 16:57:17,2019-12-22 16:58:16,12aLco5Uf8m1gJsNEH2BPL,да,'Авито  ,drom.ru,auto.ru,avito.ru,,,Нет,в Челябинске,,Мужчина,18-24 лет
170,0ec8a6f5-09f6-568c-9bad-b94059e0b101,2019-12-22 17:32:48,2019-12-22 17:34:14,12aLco5Uf8m1gJsNEH2BPL,да,"'Авито, Авто.ру. ",,auto.ru,,,,"Да, но я его не вожу",в Челябинской области,,Мужчина,18-24 лет
171,efe7df00-f2a8-5e5d-964e-3f82b8c1e058,2019-12-22 18:54:27,2019-12-22 18:55:26,12aLco5Uf8m1gJsNEH2BPL,да,'авито амру ,drom.ru,auto.ru,avito.ru,ам.ру,ам.ру,Нет,в Челябинске,,Мужчина,25-34 лет
172,f5fecac4-3f64-5759-a489-995459eb4bb8,2019-12-22 19:05:13,2019-12-22 19:05:43,12aLco5Uf8m1gJsNEH2BPL,да,'Дром,drom.ru,,avito.ru,,,"Да, я его вожу",в Челябинске,,Мужчина,35-44 лет
173,31637db7-4307-566f-9a82-60c9f176c4d4,2019-12-22 19:12:59,2019-12-22 19:13:24,12aLco5Uf8m1gJsNEH2BPL,да,'Lada,,,avito.ru,,,"Да, я его вожу",в Челябинской области,,Мужчина,18-24 лет
174,f4d4da41-7b32-58e8-8881-8048b88c7e6b,2019-12-22 19:14:44,2019-12-22 19:15:33,12aLco5Uf8m1gJsNEH2BPL,да,'Дром ру,drom.ru,,,,,Нет,в Челябинске,,Мужчина,Менее 18 лет
175,f8490d2d-ca24-5398-8738-9eaee37de47c,2019-12-22 19:16:34,2019-12-22 19:16:58,12aLco5Uf8m1gJsNEH2BPL,да,'авто,drom.ru,auto.ru,avito.ru,,,"Да, я его вожу",в Челябинске,,Мужчина,35-44 лет
176,3c007903-d685-53fb-8f0e-10c27649c362,2019-12-22 19:30:18,2019-12-22 19:30:48,12aLco5Uf8m1gJsNEH2BPL,да,'авито,drom.ru,,avito.ru,,,"Да, я его вожу",в Челябинске,,Мужчина,35-44 лет
177,32213295-571d-5554-b8ce-9fcda0ae2b2b,2019-12-22 19:34:42,2019-12-22 19:36:00,12aLco5Uf8m1gJsNEH2BPL,да,'Только Авито,drom.ru,,avito.ru,,,"Да, но я его не вожу",в Челябинской области,,Мужчина,Менее 18 лет
178,7d95b657-d584-5eb7-96c9-be82c4e657c1,2019-12-22 19:48:05,2019-12-22 19:48:31,12aLco5Uf8m1gJsNEH2BPL,да,'Авито,drom.ru,,avito.ru,,,"Да, я его вожу",в Челябинске,,Мужчина,25-34 лет
179,5a296ec6-dfbf-5612-8ce9-72fbfef38651,2019-12-22 19:54:05,2019-12-22 19:54:33,12aLco5Uf8m1gJsNEH2BPL,да,'auto.ru,,auto.ru,,,,Нет,в Челябинской области,,Мужчина,18-24 лет
180,9d75264f-31bd-55a1-b406-0135faf903d0,2019-12-22 19:56:12,2019-12-22 19:57:11,12aLco5Uf8m1gJsNEH2BPL,да,'Avito ,drom.ru,auto.ru,,,,"Да, я его вожу",в Челябинске,,Мужчина,35-44 лет
181,21127f2c-240a-5c89-9d23-7d6ffadcdb40,2019-12-22 19:58:28,2019-12-22 19:58:59,12aLco5Uf8m1gJsNEH2BPL,да,'auto.ru,drom.ru,auto.ru,avito.ru,,,Нет,в Челябинске,,Мужчина,Менее 18 лет
182,a8e4459f-5510-5b46-b2f1-dfa4f51825ad,2019-12-22 19:59:50,2019-12-22 20:05:09,12aLco5Uf8m1gJsNEH2BPL,да,"'Drom.ru, юла, avito",drom.ru,auto.ru,avito.ru,Vk,Vk,"Да, я его вожу",в Челябинске,,Мужчина,18-24 лет
183,7241dbad-41ea-55d2-bbd2-87677d7433bc,2019-12-22 20:09:08,2019-12-22 20:09:56,12aLco5Uf8m1gJsNEH2BPL,да,"'Авито, Юла, Авто.ру",,auto.ru,,,,"Да, я его вожу",в Челябинске,,Мужчина,25-34 лет
184,d9af5274-d6e5-540b-88f4-f7f534dabe2a,2019-12-22 20:12:33,2019-12-22 20:15:14,12aLco5Uf8m1gJsNEH2BPL,да,"'Авито, ам.ру, дром.ру, автоспот ",drom.ru,,,,,"Да, но я его не вожу",в Челябинске,,Мужчина,18-24 лет
185,1c02713a-981c-5526-bec1-c63132df0553,2019-12-22 20:20:03,2019-12-22 20:22:07,12aLco5Uf8m1gJsNEH2BPL,да,"'Avito, drom, авто. ру",drom.ru,auto.ru,avito.ru,,,Нет,в Челябинской области,,Мужчина,35-44 лет
186,18a71dcd-0a12-5ca1-9124-293075904fc4,2019-12-22 20:39:38,2019-12-22 20:40:07,12aLco5Uf8m1gJsNEH2BPL,да,"'Дром, автору",drom.ru,auto.ru,,,,"Да, я его вожу",в Челябинске,,Мужчина,35-44 лет
187,4139a7cd-a4e6-53ca-95e3-1f706c3b3a49,2019-12-22 21:02:59,2019-12-22 21:03:39,12aLco5Uf8m1gJsNEH2BPL,да,'Авито авто ,,auto.ru,,,,Нет,в Челябинской области,,Мужчина,18-24 лет
188,225fcca5-1ffe-50ce-be80-32695d53a819,2019-12-22 21:32:21,2019-12-22 21:32:43,12aLco5Uf8m1gJsNEH2BPL,да,'Авито ,drom.ru,auto.ru,avito.ru,,,"Да, я его вожу",в Челябинске,,Мужчина,18-24 лет
189,ecec571f-a2ba-5577-b62f-c7912eb14639,2019-12-22 21:43:40,2019-12-22 21:45:18,12aLco5Uf8m1gJsNEH2BPL,да,"'Drom, avto.ru, avito",drom.ru,auto.ru,,,,"Да, я его вожу",в Челябинске,,Мужчина,35-44 лет
190,1231c662-cf76-5955-a487-4a7d90e3eeb3,2019-12-22 23:00:49,2019-12-22 23:01:56,12aLco5Uf8m1gJsNEH2BPL,да,"'авито,юла,автодром74",drom.ru,,avito.ru,,,"Да, я его вожу",в Челябинске,,Мужчина,35-44 лет
191,a9edad35-85e7-50e7-8303-1e9d58c9bd36,2019-12-22 23:02:36,2019-12-22 23:03:39,12aLco5Uf8m1gJsNEH2BPL,да,'Авито,,auto.ru,,,,"Да, я его вожу",в Челябинске,,Мужчина,35-44 лет
192,1762e4b4-9699-534c-8b66-55beb1a760b2,2019-12-23 05:02:18,2019-12-23 05:02:45,12aLco5Uf8m1gJsNEH2BPL,да,'Авито ,drom.ru,auto.ru,avito.ru,,,"Да, я его вожу",в Челябинске,,Мужчина,35-44 лет
193,10de771e-7e12-5737-a8ef-dfc7ed296b09,2019-12-23 06:30:09,2019-12-23 06:30:46,12aLco5Uf8m1gJsNEH2BPL,да,'Авито,,,avito.ru,,,Нет,в Челябинске,,Мужчина,25-34 лет
194,8d91757e-e3f5-5bee-881e-77efe1154a77,2019-12-23 07:36:00,2019-12-23 07:36:22,12aLco5Uf8m1gJsNEH2BPL,да,'авто,drom.ru,,,,,"Да, я его вожу",в Челябинске,,Мужчина,25-34 лет
195,bcb7ba07-a621-5f99-9901-a826a253b55f,2019-12-23 08:30:14,2019-12-23 08:30:44,12aLco5Uf8m1gJsNEH2BPL,да,'drive.ru,drom.ru,auto.ru,avito.ru,,,"Да, я его вожу",в Челябинске,,Мужчина,35-44 лет
196,ddd7b1ed-46bb-5612-b125-26a8b80fb73e,2019-12-23 09:05:58,2019-12-23 09:06:40,12aLco5Uf8m1gJsNEH2BPL,да,'Авто ру,,,avito.ru,,,"Да, но я его не вожу",в Челябинске,,Мужчина,18-24 лет
197,fdcc7dbb-732a-5435-a589-d75124771085,2019-12-23 09:16:46,2019-12-23 09:17:27,12aLco5Uf8m1gJsNEH2BPL,да,'Drom.ru,drom.ru,,,,,Нет,в Челябинске,,Мужчина,18-24 лет
198,80e98cf2-0ce9-5a40-8539-23f8278e9c79,2019-12-23 09:21:31,2019-12-23 09:22:10,12aLco5Uf8m1gJsNEH2BPL,да,'Авито ,,auto.ru,avito.ru,,,"Да, но я его не вожу",в Челябинске,,Мужчина,35-44 лет
199,ee511ce3-bd08-5aea-ac34-1e5070366584,2019-12-23 12:52:30,2019-12-23 12:55:04,12aLco5Uf8m1gJsNEH2BPL,да,"'Авито, авто ру, Дром ру.",drom.ru,auto.ru,avito.ru,,,"Да, я его вожу",в Челябинске,,Мужчина,35-44 лет
200,80f02535-13a3-5dd4-840c-24fee7b76499,2019-12-23 13:37:42,,12aLco5Uf8m1gJsNEH2BPL,нет,'Avito,,auto.ru,,,,,,,,
201,115cd152-17b8-56ac-bfdd-3d8ac3e67fe2,2019-12-23 15:00:17,2019-12-23 15:00:43,12aLco5Uf8m1gJsNEH2BPL,да,'авито,,auto.ru,avito.ru,,,Нет,в Челябинске,,Мужчина,35-44 лет
202,a0f3feac-440b-5ee0-9f8b-954ea360ded8,2019-12-23 15:07:50,2019-12-23 15:08:27,12aLco5Uf8m1gJsNEH2BPL,да,'Авито. Дром.ру,drom.ru,,avito.ru,,,"Да, я его вожу",в Челябинской области,,Мужчина,45-50 лет
203,7df5f325-dcd5-5e27-b50c-8c6f0a97fa68,2019-12-23 15:55:33,2019-12-23 15:56:23,12aLco5Uf8m1gJsNEH2BPL,да,'авто ру,drom.ru,auto.ru,avito.ru,,,"Да, я его вожу",в Челябинской области,,Мужчина,35-44 лет
204,16f7e4ea-a34b-55c7-8abc-037b2afaa86a,2019-12-23 17:56:09,2019-12-23 17:56:33,12aLco5Uf8m1gJsNEH2BPL,да,'Авито,,,avito.ru,,,"Да, но я его не вожу",в Челябинской области,,Мужчина,18-24 лет
205,29a43670-8d43-591b-8109-46530dc1602d,2019-12-23 18:43:27,2019-12-23 18:44:02,12aLco5Uf8m1gJsNEH2BPL,да,'Дром. Ру авто. Ру авито,drom.ru,auto.ru,avito.ru,,,"Да, я его вожу",в Челябинской области,,Мужчина,35-44 лет
206,62a87344-053e-5901-b4f6-b7de936c18d8,2019-12-23 18:45:23,2019-12-23 18:46:21,12aLco5Uf8m1gJsNEH2BPL,да,'drom.ru,drom.ru,,,,,"Да, но я его не вожу",в Челябинской области,,Мужчина,45-50 лет
207,896a6914-6369-5bce-b98d-a162a08c872a,2019-12-23 19:03:29,2019-12-23 19:04:15,12aLco5Uf8m1gJsNEH2BPL,да,'дром.ру,drom.ru,,avito.ru,,,"Да, я его вожу",в Челябинской области,,Мужчина,45-50 лет
208,3c178d33-a137-5be9-96c1-87aa5fd9a538,2019-12-23 19:10:06,2019-12-23 19:10:52,12aLco5Uf8m1gJsNEH2BPL,да,'Нету,,auto.ru,,,,"Да, но я его не вожу",в Челябинской области,,Мужчина,Менее 18 лет
209,17e234ca-b3b2-576d-84da-9a548ef21c9e,2019-12-23 19:50:22,2019-12-23 19:51:15,12aLco5Uf8m1gJsNEH2BPL,да,'Авито дром авто.ру,,,avito.ru,,,"Да, я его вожу",в Челябинской области,,Мужчина,25-34 лет
210,eced80a2-90bf-55b2-aa4d-5a777779f98b,2019-12-23 20:01:08,2019-12-23 20:01:56,12aLco5Uf8m1gJsNEH2BPL,да,'Avito. Drom. Autospot,drom.ru,,avito.ru,,,"Да, я его вожу",в Челябинской области,,Мужчина,18-24 лет
211,eed05ead-ed49-5fd7-bd6c-3e876a1ad463,2019-12-23 20:20:01,2019-12-23 20:20:53,12aLco5Uf8m1gJsNEH2BPL,да,"'Авито, Drom.ru",drom.ru,auto.ru,avito.ru,,,"Да, но я его не вожу",в Челябинской области,,Мужчина,18-24 лет
212,93002bd8-5ef3-5ce7-b627-273961b96fd0,2019-12-23 20:34:40,2019-12-23 20:35:17,12aLco5Uf8m1gJsNEH2BPL,да,'Незнаю ни каких,drom.ru,,,,,"Да, но я его не вожу",в Челябинске,,Мужчина,Менее 18 лет
213,22a03f50-0ee4-5b4a-86fe-9420d8e3ad64,2019-12-23 21:14:28,2019-12-23 21:15:33,12aLco5Uf8m1gJsNEH2BPL,да,'Авто.ру,,auto.ru,,,,Нет,в Челябинской области,,Мужчина,18-24 лет
214,13b4faae-148b-5e23-a104-5942e41a5987,2019-12-23 21:28:02,2019-12-23 21:28:48,12aLco5Uf8m1gJsNEH2BPL,да,'Avto.ru,,,avito.ru,,,"Да, но я его не вожу",в Челябинской области,,Мужчина,Менее 18 лет
215,7e902ab4-06f7-57ab-a6ff-502b4889c09b,2019-12-23 21:42:23,2019-12-23 21:43:12,12aLco5Uf8m1gJsNEH2BPL,да,"'Авито,Дром ру, авто ру",,auto.ru,avito.ru,,,"Да, я его вожу",в Челябинской области,,Мужчина,18-24 лет
216,f316cd68-3c8c-57bf-8ca9-3fdbdd77856c,2019-12-23 23:51:29,2019-12-23 23:52:15,12aLco5Uf8m1gJsNEH2BPL,да,'Avito,,auto.ru,avito.ru,,,"Да, я его вожу",в Челябинской области,,Мужчина,Менее 18 лет
217,4203ad3b-086b-5be4-9f02-a4f6f769abe7,2019-12-24 01:24:03,2019-12-24 01:24:43,12aLco5Uf8m1gJsNEH2BPL,да,'Дром,drom.ru,,,,,Нет,в Челябинске,,Мужчина,35-44 лет
218,3a318768-5da5-5867-b4c3-d2e679d1c9b4,2019-12-24 03:35:21,2019-12-24 03:36:29,12aLco5Uf8m1gJsNEH2BPL,да,"'Авито, юла ",,auto.ru,,,,"Да, но я его не вожу",в Челябинской области,,Мужчина,25-34 лет
219,700708b9-7e06-5567-bb34-6e0ef75ae9f4,2019-12-24 05:10:20,2019-12-24 05:10:53,12aLco5Uf8m1gJsNEH2BPL,да,'авито,,,avito.ru,,,"Да, я его вожу",в Челябинске,,Мужчина,45-50 лет
220,b332b564-0e5a-5c31-a540-605fabfdfa03,2019-12-24 06:07:22,2019-12-24 06:09:47,12aLco5Uf8m1gJsNEH2BPL,да,'Auto ru,drom.ru,auto.ru,,,,"Да, я его вожу",в Челябинске,,Мужчина,35-44 лет
221,2c52187c-8e28-5147-ad93-8027bef03c72,2019-12-24 06:36:00,2019-12-24 06:36:55,12aLco5Uf8m1gJsNEH2BPL,да,'авто ру,drom.ru,auto.ru,avito.ru,,,"Да, я его вожу",в Челябинске,,Мужчина,25-34 лет
222,f68d3bea-f736-5966-a099-682572fbc19e,2019-12-24 06:59:22,2019-12-24 07:01:11,12aLco5Uf8m1gJsNEH2BPL,да,'авито,,auto.ru,avito.ru,,,"Да, я его вожу",в Челябинской области,,Мужчина,35-44 лет
223,b65f3c40-380b-51a8-852a-7ca542117d61,2019-12-24 07:20:42,2019-12-24 07:21:20,12aLco5Uf8m1gJsNEH2BPL,да,"'Авито.
Дром.ру",drom.ru,,avito.ru,,,"Да, я его вожу",в Челябинской области,,Мужчина,45-50 лет
224,b8c76f1d-c8a3-5896-8c3b-a21d8b8206d1,2019-12-24 07:25:38,2019-12-24 07:26:25,12aLco5Uf8m1gJsNEH2BPL,да,'авто ру,drom.ru,auto.ru,avito.ru,,,"Да, я его вожу",в Челябинской области,,Мужчина,25-34 лет
225,a09c0f4f-fcb7-5cde-8d39-b619e94017d1,2019-12-24 08:25:49,2019-12-24 08:26:52,12aLco5Uf8m1gJsNEH2BPL,да,'авито,drom.ru,auto.ru,avito.ru,,,"Да, я его вожу",в Челябинской области,,Мужчина,45-50 лет
226,af3d9cee-0afe-5208-95e1-159e787c30a5,2019-12-24 08:50:46,2019-12-24 08:52:35,12aLco5Uf8m1gJsNEH2BPL,да,"'Авито, Дром, Автору, ИзРуквРуки,Сландо",drom.ru,,avito.ru,,,"Да, я его вожу",в Челябинской области,,Мужчина,25-34 лет
227,e93ed325-f79c-54bc-90a4-381210ce929a,2019-12-24 08:56:16,2019-12-24 08:57:26,12aLco5Uf8m1gJsNEH2BPL,да,"'Авто.ру
Дром авто 
Авито
",drom.ru,auto.ru,avito.ru,,,"Да, я его вожу",в Челябинской области,,Мужчина,18-24 лет
228,4f68ce6a-ab8b-5f5f-bfab-02a9a842c2b5,2019-12-24 10:31:59,2019-12-24 10:33:13,12aLco5Uf8m1gJsNEH2BPL,да,"'Колеса , автодром , авто дом",drom.ru,auto.ru,avito.ru,,,Нет,в Челябинске,,Мужчина,25-34 лет
229,85bc2ea3-c2cc-5e5a-92a2-0c92f83e381f,2019-12-24 10:49:16,2019-12-24 10:50:26,12aLco5Uf8m1gJsNEH2BPL,да,'Авито,drom.ru,,,,,"Да, я его вожу",в Челябинске,,Мужчина,35-44 лет
230,5009f728-e32d-5ac0-a4da-8e2da761d071,2019-12-24 12:06:26,2019-12-25 08:59:52,12aLco5Uf8m1gJsNEH2BPL,да,'Авито,drom.ru,,avito.ru,,,"Да, я его вожу",в Челябинской области,,Мужчина,35-44 лет
231,72edfb77-d592-5776-812b-31c69231d408,2019-12-24 12:34:00,2019-12-24 12:35:00,12aLco5Uf8m1gJsNEH2BPL,да,"'Авто.ру, Дром авто, Авито, юла, ",drom.ru,auto.ru,avito.ru,Юла,Юла,"Да, но я его не вожу",в Челябинской области,,Мужчина,18-24 лет
232,2860a332-b0a0-53c6-af0a-7ec9227db434,2019-12-24 12:54:43,2019-12-24 12:55:41,12aLco5Uf8m1gJsNEH2BPL,да,'Авто.ру,drom.ru,,avito.ru,,,"Да, но я его не вожу",в Челябинской области,,Мужчина,25-34 лет
233,cc2f1079-459f-507c-9053-a053237de765,2019-12-24 13:05:18,2019-12-24 13:05:50,12aLco5Uf8m1gJsNEH2BPL,да,'авито,,,avito.ru,,,"Да, я его вожу",в Челябинской области,,Мужчина,35-44 лет
234,3585e8bb-192d-57a9-a0a8-6b137a076a8e,2019-12-24 13:23:03,2019-12-24 13:23:43,12aLco5Uf8m1gJsNEH2BPL,да,'хорошо,,auto.ru,,,,Нет,в Челябинске,,Мужчина,25-34 лет
235,c7b9d910-c251-5f31-96cb-fc5c3ff37825,2019-12-24 13:37:36,2019-12-24 13:38:14,12aLco5Uf8m1gJsNEH2BPL,да,'авито .дром,drom.ru,auto.ru,avito.ru,,,"Да, я его вожу",в Челябинске,,Мужчина,45-50 лет
236,d5e9776e-0ce8-5640-97ca-f8119f307b75,2019-12-24 13:56:29,2019-12-24 13:57:16,12aLco5Uf8m1gJsNEH2BPL,да,'Хз,drom.ru,auto.ru,avito.ru,,,Нет,в Челябинской области,,Мужчина,25-34 лет
237,48e8fa57-7292-5df2-a8ce-58cf88257ab8,2019-12-24 14:06:17,2019-12-24 14:08:04,12aLco5Uf8m1gJsNEH2BPL,да,'auto.ru;drom.ru;avito.ru,drom.ru,auto.ru,avito.ru,,,"Да, я его вожу",в Челябинской области,,Мужчина,35-44 лет
238,ed042b53-d5d2-5331-ba91-5fed9be1dc1b,2019-12-24 14:14:11,2019-12-24 14:14:52,12aLco5Uf8m1gJsNEH2BPL,да,"'Drom.ru 
Avito
",drom.ru,auto.ru,avito.ru,,,Нет,в Челябинской области,,Мужчина,18-24 лет
239,6b46abdf-040d-50f3-b44f-a61070c86844,2019-12-24 14:31:09,2019-12-24 14:31:34,12aLco5Uf8m1gJsNEH2BPL,да,'auto.ru,drom.ru,auto.ru,,,,"Да, я его вожу",в Челябинской области,,Мужчина,35-44 лет
240,63146c0f-67a6-5875-8e8c-801bbf7a0394,2019-12-24 14:40:16,2019-12-24 14:43:47,12aLco5Uf8m1gJsNEH2BPL,да,'авто ру,,auto.ru,,,,"Да, я его вожу",Другое (впишите свой вариант),Екатеринбург,Мужчина,18-24 лет
241,474d5ef8-4e0b-5370-b7e6-0dfc31522ad3,2019-12-24 15:24:13,2019-12-24 15:24:49,12aLco5Uf8m1gJsNEH2BPL,да,'авто.ру авито ,drom.ru,auto.ru,avito.ru,,,"Да, я его вожу",в Челябинске,,Мужчина,35-44 лет
242,bbbc3e6f-052c-5dfb-90ad-010be376e92f,2019-12-24 15:25:31,2019-12-24 15:29:26,12aLco5Uf8m1gJsNEH2BPL,да,"'Авто.ру, Авито",,auto.ru,avito.ru,,,Нет,в Челябинской области,,Мужчина,25-34 лет
243,a0bd81d8-93bc-5b5c-9d35-7865287fcb3c,2019-12-24 15:34:50,2019-12-24 15:35:21,12aLco5Uf8m1gJsNEH2BPL,да,'авито,drom.ru,auto.ru,avito.ru,,,"Да, я его вожу",в Челябинске,,Мужчина,35-44 лет
244,0b6c8f73-9748-5509-b05b-833c00e74215,2019-12-24 16:23:33,2019-12-24 16:24:07,12aLco5Uf8m1gJsNEH2BPL,да,'hh.ru,,auto.ru,,,,"Да, но я его не вожу",в Челябинской области,,Мужчина,18-24 лет
245,90fce151-2a14-504a-9c88-4792e7a3a491,2019-12-24 16:33:33,2019-12-24 16:34:35,12aLco5Uf8m1gJsNEH2BPL,да,'Авито,,,avito.ru,,,Нет,в Челябинской области,,Мужчина,25-34 лет
246,54901b74-ed0b-5c51-aa88-d80cc26f6ee7,2019-12-24 16:55:13,2019-12-24 16:55:48,12aLco5Uf8m1gJsNEH2BPL,да,'cfg,drom.ru,,,,,Нет,в Челябинске,,Мужчина,25-34 лет
247,1dac6ba9-517d-598c-8faf-386f4fc62126,2019-12-24 17:04:56,2019-12-24 17:05:30,12aLco5Uf8m1gJsNEH2BPL,да,"'дром
авито
авто ру",drom.ru,auto.ru,avito.ru,,,"Да, я его вожу",в Челябинской области,,Мужчина,35-44 лет
248,94e63abd-ade9-591b-bd0c-b2d2ebcad5d3,2019-12-24 17:54:34,2019-12-24 17:55:09,12aLco5Uf8m1gJsNEH2BPL,да,'Авито. Дром. ,drom.ru,,avito.ru,,,"Да, я его вожу",в Челябинской области,,Мужчина,25-34 лет
249,f1ea179e-8716-5ac0-9718-129a17ceacf3,2019-12-24 17:55:38,2019-12-24 17:56:46,12aLco5Uf8m1gJsNEH2BPL,да,"'Авито,авто.ру",drom.ru,auto.ru,avito.ru,,,Нет,в Челябинской области,,Мужчина,25-34 лет
250,2c6c720b-519f-50b4-98fe-dfff27ba115f,2019-12-24 18:17:58,2019-12-24 18:19:05,12aLco5Uf8m1gJsNEH2BPL,да,"'автору
дромру
авито",drom.ru,auto.ru,avito.ru,,,"Да, я его вожу",в Челябинской области,,Мужчина,45-50 лет
251,16238b30-db1b-5e1b-baa7-e368dce43e7b,2019-12-24 20:13:24,2019-12-24 20:14:05,12aLco5Uf8m1gJsNEH2BPL,да,'Не знаю,,auto.ru,avito.ru,,,Нет,в Челябинской области,,Мужчина,25-34 лет
252,74419c3b-f564-52e2-a084-76a82785b5b3,2019-12-24 20:40:48,2019-12-24 20:41:25,12aLco5Uf8m1gJsNEH2BPL,да,'Авито,drom.ru,auto.ru,avito.ru,,,"Да, я его вожу",в Челябинске,,Мужчина,35-44 лет
253,982a5c97-bec4-59f4-bd8b-7b46be732c08,2019-12-24 20:47:55,2019-12-24 20:48:23,12aLco5Uf8m1gJsNEH2BPL,да,'Авито,drom.ru,auto.ru,avito.ru,,,"Да, я его вожу",в Челябинской области,,Мужчина,35-44 лет
254,1456986d-43f9-5206-9910-06dbcd965fca,2019-12-24 22:11:35,2019-12-24 22:12:46,12aLco5Uf8m1gJsNEH2BPL,да,'авито,,,avito.ru,,,"Да, я его вожу",в Челябинске,,Мужчина,45-50 лет
255,d25b29b6-f81f-5648-817f-e4ba35bc39f3,2019-12-24 23:05:59,2019-12-24 23:06:53,12aLco5Uf8m1gJsNEH2BPL,да,"'Drom, Avito",drom.ru,auto.ru,avito.ru,,,Нет,в Челябинской области,,Мужчина,18-24 лет
256,4cdedbb3-0bf5-59c3-8b0f-d855431ca8bb,2019-12-25 03:57:42,2019-12-25 04:00:16,12aLco5Uf8m1gJsNEH2BPL,да,'авто ру,drom.ru,auto.ru,avito.ru,,,"Да, я его вожу",в Челябинской области,,Мужчина,45-50 лет
257,69ad3c08-624d-5d92-bbfb-b826426db46f,2019-12-25 06:27:46,2019-12-25 06:28:19,12aLco5Uf8m1gJsNEH2BPL,да,"'авито дром
",drom.ru,,avito.ru,,,"Да, я его вожу",в Челябинске,,Мужчина,18-24 лет
258,f6005eba-5be5-597d-b16e-ea2b016107d9,2019-12-25 07:09:20,2019-12-25 07:10:15,12aLco5Uf8m1gJsNEH2BPL,да,"'Авито
Авто.ру",,,avito.ru,,,"Да, я его вожу",в Челябинске,,Мужчина,35-44 лет
259,e05796e1-8323-553d-9457-020d742567e1,2019-12-25 07:12:04,2019-12-25 07:12:20,12aLco5Uf8m1gJsNEH2BPL,да,'От,drom.ru,,avito.ru,,,"Да, я его вожу",в Челябинской области,,Мужчина,25-34 лет
260,3143441a-22f0-5e46-9f8a-6789cd6cc7b8,2019-12-25 07:36:01,2019-12-25 07:37:48,12aLco5Uf8m1gJsNEH2BPL,да,'Релологан,,auto.ru,,,,Нет,в Челябинской области,,Мужчина,18-24 лет
261,b2c788df-88b6-5a38-a9b0-4824c46ebb3a,2019-12-25 08:15:51,2019-12-25 08:16:09,12aLco5Uf8m1gJsNEH2BPL,да,'avito,drom.ru,auto.ru,avito.ru,,,"Да, я его вожу",в Челябинской области,,Мужчина,35-44 лет
262,de160e4f-e32e-53c0-96ed-1803dd89b93b,2019-12-25 08:33:20,2019-12-25 08:33:39,12aLco5Uf8m1gJsNEH2BPL,да,'авито,drom.ru,auto.ru,avito.ru,,,"Да, я его вожу",в Челябинской области,,Мужчина,45-50 лет
263,23e238aa-cd23-5c1a-a973-cd5d058fa07f,2019-12-25 08:49:22,2019-12-25 08:50:04,12aLco5Uf8m1gJsNEH2BPL,да,'дром ру,drom.ru,auto.ru,avito.ru,,,"Да, я его вожу",в Челябинской области,,Мужчина,25-34 лет
264,cf6230f1-53b8-5d17-8ddc-550544fd1eda,2019-12-25 09:35:37,2019-12-25 09:36:43,12aLco5Uf8m1gJsNEH2BPL,да,"'Дром, автору, 74ру, авито, сландо,Юла",drom.ru,,avito.ru,,,"Да, но я его не вожу",в Челябинской области,,Мужчина,25-34 лет
265,d2584530-640a-5a6c-9f16-ddb3d59405da,2019-12-25 09:48:28,2019-12-25 09:49:35,12aLco5Uf8m1gJsNEH2BPL,да,"'Авито,авто.ру",,auto.ru,avito.ru,,,"Да, я его вожу",Другое (впишите свой вариант),Башкортостан,Мужчина,25-34 лет
266,7b3fd10c-fa5f-5938-89dc-e10a13d47c14,2019-12-25 09:51:02,2019-12-25 09:51:32,12aLco5Uf8m1gJsNEH2BPL,да,'не знаю,,,avito.ru,,,"Да, но я его не вожу",в Челябинской области,,Мужчина,18-24 лет
267,24ec809d-f779-55d0-a563-530ca9175373,2019-12-25 11:13:08,2019-12-25 11:14:21,12aLco5Uf8m1gJsNEH2BPL,да,"'Авито, авто ру",,auto.ru,avito.ru,,,"Да, я его вожу",в Челябинской области,,Мужчина,18-24 лет
268,f9b3ccad-d021-5d09-a044-de923f54ce4d,2019-12-25 11:17:28,2019-12-25 11:18:05,12aLco5Uf8m1gJsNEH2BPL,да,'авито,drom.ru,,avito.ru,,,"Да, я его вожу",в Челябинске,,Мужчина,35-44 лет
269,771d20cd-d00a-5e59-8d30-cf0071cb0451,2019-12-25 12:12:45,2019-12-25 12:13:19,12aLco5Uf8m1gJsNEH2BPL,да,'авито,,,avito.ru,,,Нет,в Челябинской области,,Мужчина,35-44 лет
270,859b8f09-5e25-5114-b918-cf76c6de60c9,2019-12-25 12:31:29,2019-12-25 12:32:39,12aLco5Uf8m1gJsNEH2BPL,да,'auto.drom.ru,drom.ru,,,,,"Да, я его вожу",в Челябинской области,,Мужчина,35-44 лет
271,9ad1820f-e920-57d1-817e-1af0d8231b02,2019-12-25 12:37:47,2019-12-25 12:38:19,12aLco5Uf8m1gJsNEH2BPL,да,'автоспорт,drom.ru,auto.ru,avito.ru,,,"Да, я его вожу",в Челябинской области,,Мужчина,18-24 лет
272,bcf366e7-af8e-5c85-adfe-3572eb4e5588,2019-12-25 13:01:29,2019-12-25 13:02:29,12aLco5Uf8m1gJsNEH2BPL,да,"'Авито, дром",,,avito.ru,,,"Да, я его вожу",в Челябинской области,,Мужчина,45-50 лет
273,60ba8eda-fea0-5e1e-887f-7c5e3f68040a,2019-12-25 13:04:50,2019-12-25 13:05:37,12aLco5Uf8m1gJsNEH2BPL,да,'Авито,drom.ru,,avito.ru,,,"Да, но я его не вожу",в Челябинской области,,Мужчина,18-24 лет
274,400cdd8a-4720-5a16-a355-5d3f02aa3c75,2019-12-25 13:05:15,2019-12-25 13:07:17,12aLco5Uf8m1gJsNEH2BPL,да,"'авито, авто.ру",drom.ru,auto.ru,avito.ru,,,"Да, я его вожу",в Челябинской области,,Мужчина,45-50 лет
275,51514819-47d1-5b99-8007-8477e8a5f6d4,2019-12-25 13:17:43,2019-12-25 13:18:28,12aLco5Uf8m1gJsNEH2BPL,да,"'авито, авто ру, дром авто",drom.ru,auto.ru,avito.ru,,,"Да, я его вожу",в Челябинской области,,Мужчина,25-34 лет
276,eca9ae9f-6bd3-5c34-9d0d-149e5470849c,2019-12-25 13:17:59,2019-12-25 13:19:08,12aLco5Uf8m1gJsNEH2BPL,да,"'Avito,Drom",drom.ru,,avito.ru,,,"Да, я его вожу",в Челябинской области,,Мужчина,25-34 лет
277,10cafd5d-5ea8-5765-addb-85bd79ea52e3,2019-12-25 13:40:48,2019-12-25 13:41:30,12aLco5Uf8m1gJsNEH2BPL,да,"'Авито, авто ру",drom.ru,auto.ru,avito.ru,,,"Да, я его вожу",в Челябинске,,Мужчина,35-44 лет
278,85c602bb-6474-5ddf-b0ca-203ed68e558a,2019-12-25 15:02:29,2019-12-25 15:03:24,12aLco5Uf8m1gJsNEH2BPL,да,'Авито ,,,avito.ru,,,"Да, я его вожу",в Челябинске,,Мужчина,45-50 лет
279,0874fbeb-e7c7-5c9f-969d-357211b56d98,2019-12-25 15:41:31,2019-12-25 15:42:03,12aLco5Uf8m1gJsNEH2BPL,да,"'авито, дром, авто.ру",drom.ru,auto.ru,avito.ru,,,"Да, я его вожу",в Челябинске,,Мужчина,35-44 лет
280,c030f5df-6e31-5651-b09e-696f7db2799b,2019-12-25 15:51:30,2019-12-25 15:52:41,12aLco5Uf8m1gJsNEH2BPL,да,'Дром,drom.ru,,,,,"Да, но я его не вожу",в Челябинске,,Мужчина,45-50 лет
281,d2b17af6-33de-5ce7-bbd1-7ff19defed31,2019-12-25 16:18:34,2019-12-25 16:19:10,12aLco5Uf8m1gJsNEH2BPL,да,'-,,,,нигде,нигде,Нет,в Челябинской области,,Мужчина,25-34 лет
282,0e3c3f69-2a92-5cf0-be7f-0220943e2257,2019-12-25 16:40:58,2019-12-25 16:41:26,12aLco5Uf8m1gJsNEH2BPL,да,'Авто ру,drom.ru,auto.ru,avito.ru,,,Нет,в Челябинске,,Мужчина,35-44 лет
283,956a6c53-4272-5fa2-bae5-b83da4f17c06,2019-12-25 16:47:04,2019-12-25 16:48:10,12aLco5Uf8m1gJsNEH2BPL,да,'Дром ру авито авто ру,drom.ru,,,,,Нет,в Челябинской области,,Мужчина,25-34 лет
284,df7e9170-a92a-5642-9475-6936ae6edd18,2019-12-25 17:00:37,2019-12-25 17:01:19,12aLco5Uf8m1gJsNEH2BPL,да,"'авито ,авто.ру ,дром.ру",drom.ru,auto.ru,avito.ru,,,"Да, я его вожу",в Челябинской области,,Мужчина,25-34 лет
285,03d7c59e-cd49-5c55-beed-d6a2c7ecaef4,2019-12-25 17:20:38,2019-12-25 17:20:54,12aLco5Uf8m1gJsNEH2BPL,да,'avito,,auto.ru,avito.ru,,,"Да, я его вожу",в Челябинской области,,Мужчина,25-34 лет
286,00eacb57-d615-5439-88dd-19f3389d9631,2019-12-25 17:23:51,2019-12-25 17:24:35,12aLco5Uf8m1gJsNEH2BPL,да,'Авто.ру,,auto.ru,,,,Нет,в Челябинской области,,Мужчина,18-24 лет
287,46856380-6dd5-5779-b68f-284e1c1264b1,2019-12-25 17:45:47,2019-12-25 17:46:10,12aLco5Uf8m1gJsNEH2BPL,да,'Авто,,,avito.ru,,,"Да, я его вожу",в Челябинске,,Мужчина,35-44 лет
288,ba0dba66-f0d6-5498-9b42-dfc94edfe442,2019-12-25 18:00:15,2019-12-25 18:01:28,12aLco5Uf8m1gJsNEH2BPL,да,'Авто.ру,drom.ru,auto.ru,,,,"Да, я его вожу",в Челябинске,,Мужчина,35-44 лет
289,4c3d2a29-2447-5992-8bc6-da452a191ad2,2019-12-25 18:05:28,2019-12-25 18:05:54,12aLco5Uf8m1gJsNEH2BPL,да,'Авито,drom.ru,auto.ru,avito.ru,,,"Да, я его вожу",в Челябинске,,Мужчина,25-34 лет
290,d3bf6efc-48f9-5b76-b1fa-b11234fa913f,2019-12-25 18:30:40,2019-12-25 18:31:17,12aLco5Uf8m1gJsNEH2BPL,да,'авито ,drom.ru,auto.ru,avito.ru,,,"Да, я его вожу",в Челябинской области,,Мужчина,35-44 лет
291,258d9cb3-346d-539a-a84b-64a8df2ca455,2019-12-25 19:01:03,2019-12-25 19:03:40,12aLco5Uf8m1gJsNEH2BPL,да,'auto.ru,drom.ru,auto.ru,avito.ru,,,"Да, я его вожу",в Челябинской области,,Мужчина,35-44 лет
292,08c7ace4-d55a-5f0b-8a29-2fe0353769ac,2019-12-25 19:02:31,2019-12-25 19:05:22,12aLco5Uf8m1gJsNEH2BPL,да,"'авито
юла
авто.ру
дром",drom.ru,,avito.ru,,,"Да, я его вожу",в Челябинской области,,Мужчина,35-44 лет
293,07974dd6-6609-5492-adfc-a534593c1082,2019-12-25 19:41:48,2019-12-25 19:42:32,12aLco5Uf8m1gJsNEH2BPL,да,'авито,,,avito.ru,,,"Да, я его вожу",в Челябинской области,,Мужчина,35-44 лет
294,1f161e4f-01e8-5422-a122-a7a3cd846555,2019-12-25 20:06:27,2019-12-25 20:07:18,12aLco5Uf8m1gJsNEH2BPL,да,'Авито,,,avito.ru,,,Нет,Другое (впишите свой вариант),Магнитогорск ,Мужчина,25-34 лет
295,03bac2fe-9a45-500b-8da8-acc3c2cd2e9e,2019-12-25 20:08:01,2019-12-25 20:08:31,12aLco5Uf8m1gJsNEH2BPL,да,'Drom,drom.ru,auto.ru,avito.ru,,,Нет,в Челябинской области,,Мужчина,18-24 лет
296,3721331e-88ad-5b17-9189-18e5277eaf95,2019-12-25 20:23:07,2019-12-25 20:23:45,12aLco5Uf8m1gJsNEH2BPL,да,"'дром, авито, авто ру
",drom.ru,auto.ru,avito.ru,,,"Да, я его вожу",в Челябинской области,,Мужчина,18-24 лет
297,ff3f27bb-7504-5b16-900a-41ad6c20e0a6,2019-12-25 20:33:17,2019-12-25 20:34:20,12aLco5Uf8m1gJsNEH2BPL,да,'Дром.ру авито авто. ру,drom.ru,,,,,"Да, я его вожу",в Челябинской области,,Мужчина,25-34 лет
298,6f8b1200-ada9-5b98-a45d-9d16e44dfbd1,2019-12-25 20:36:26,2019-12-25 20:37:15,12aLco5Uf8m1gJsNEH2BPL,да,'Не знаю ,,auto.ru,,,,"Да, но я его не вожу",в Челябинской области,,Мужчина,Менее 18 лет
299,44919b56-ba12-53f9-85f0-92e1cf577e26,2019-12-25 20:38:18,2019-12-25 20:39:28,12aLco5Uf8m1gJsNEH2BPL,да,"'Auto.ru, Авито, сайты автосалона лада, митцубиши, нисан, мерседес, бмв центр, ",,auto.ru,,,,"Да, я его вожу",в Челябинской области,,Мужчина,18-24 лет
300,cdddd4f0-da1f-546f-9cc2-a7759126eea4,2019-12-25 21:10:06,2019-12-25 21:11:03,12aLco5Uf8m1gJsNEH2BPL,да,"'Дром, авто ру, авто ",drom.ru,,,,,"Да, я его вожу",в Челябинске,,Мужчина,35-44 лет
301,c040e0f2-a082-5fb1-9a43-2ffbc8f4ed3c,2019-12-25 21:12:48,2019-12-25 21:13:22,12aLco5Uf8m1gJsNEH2BPL,да,'Авито,,,avito.ru,,,Нет,в Челябинске,,Мужчина,45-50 лет
302,2c3497e0-31c0-509c-8a4c-ffb530af9bde,2019-12-25 21:24:46,2019-12-25 21:25:43,12aLco5Uf8m1gJsNEH2BPL,да,"'Авито, юла, авто ру",,auto.ru,,,,"Да, я его вожу",в Челябинской области,,Мужчина,Менее 18 лет
303,3f2c486b-3bc0-58d2-927f-b408629630dd,2019-12-25 21:28:17,2019-12-25 21:29:02,12aLco5Uf8m1gJsNEH2BPL,да,'Авито,,,avito.ru,,,"Да, я его вожу",в Челябинской области,,Мужчина,18-24 лет
304,d076d1d2-470c-5914-a76c-da5ed0143470,2019-12-25 21:33:59,2019-12-25 21:35:19,12aLco5Uf8m1gJsNEH2BPL,да,"'Авито,Дром,",drom.ru,auto.ru,avito.ru,,,"Да, но я его не вожу",в Челябинской области,,Мужчина,25-34 лет
305,6b88ba74-5c76-5cad-837b-c434b2c6753e,2019-12-25 21:54:13,2019-12-25 21:54:52,12aLco5Uf8m1gJsNEH2BPL,да,"'Drom
",drom.ru,,,,,Нет,в Челябинской области,,Мужчина,18-24 лет
306,d545472c-ec3f-5d9f-a4a0-748ae62c7c78,2019-12-25 21:57:16,2019-12-25 21:58:07,12aLco5Uf8m1gJsNEH2BPL,да,"'Дром ру, авито",drom.ru,,avito.ru,,,Нет,в Челябинской области,,Мужчина,35-44 лет
307,7d36be49-8641-516e-9c61-06a876db8366,2019-12-25 22:19:34,2019-12-25 22:20:26,12aLco5Uf8m1gJsNEH2BPL,да,"'Avito, auto.ru",,,avito.ru,,,Нет,в Челябинской области,,Мужчина,18-24 лет
308,4eae8ba4-c126-54dd-b495-41927c973b8a,2019-12-25 22:40:00,2019-12-25 22:40:25,12aLco5Uf8m1gJsNEH2BPL,да,'Авто ру,,auto.ru,avito.ru,,,"Да, я его вожу",в Челябинске,,Мужчина,18-24 лет
309,3c8b491a-32f0-53f5-a1eb-3eeafb82b30f,2019-12-25 23:16:49,2019-12-25 23:17:34,12aLco5Uf8m1gJsNEH2BPL,да,'Carprice.com,,,,Carprice.com,Carprice.com,"Да, я его вожу",в Челябинске,,Мужчина,18-24 лет
310,d2e9ba55-c5d8-580e-a40e-1a261f9154c3,2019-12-26 00:02:21,2019-12-26 00:03:01,12aLco5Uf8m1gJsNEH2BPL,да,'Дром,drom.ru,auto.ru,,,,Нет,в Челябинске,,Мужчина,25-34 лет
311,459557fb-9e36-579e-a7f9-9b8cefb2c5d4,2019-12-26 00:52:38,2019-12-26 00:53:10,12aLco5Uf8m1gJsNEH2BPL,да,'Avto. Ru,drom.ru,auto.ru,avito.ru,,,Нет,в Челябинской области,,Мужчина,18-24 лет
312,da50b92b-7275-541d-9333-90b3ee4de310,2019-12-26 03:45:13,2019-12-26 03:46:07,12aLco5Uf8m1gJsNEH2BPL,да,"'Auto. Run, avito",drom.ru,auto.ru,avito.ru,,,"Да, я его вожу",в Челябинской области,,Мужчина,25-34 лет
313,e3334c33-8e10-5de3-a29d-2cae7d83fae0,2019-12-26 05:59:45,2019-12-26 06:00:16,12aLco5Uf8m1gJsNEH2BPL,да,'Авито,drom.ru,,avito.ru,,,Нет,в Челябинской области,,Мужчина,35-44 лет
314,3afbfbe6-edfb-5886-b493-1765051ff5e8,2019-12-26 06:08:15,2019-12-26 06:08:53,12aLco5Uf8m1gJsNEH2BPL,да,'avito,,auto.ru,avito.ru,,,"Да, но я его не вожу",в Челябинске,,Мужчина,18-24 лет
315,2a466764-8285-5bfa-861b-f9e4ee6b70c2,2019-12-26 06:42:33,2019-12-26 06:43:18,12aLco5Uf8m1gJsNEH2BPL,да,'Авито авто.ру,drom.ru,auto.ru,avito.ru,,,"Да, я его вожу",в Челябинской области,,Мужчина,25-34 лет
316,5067a22a-f9f6-534e-afba-2ee3ba46c769,2019-12-26 07:36:30,2019-12-26 07:38:42,12aLco5Uf8m1gJsNEH2BPL,да,"'авито, auto.ru, юла, ВКонтакте.",,auto.ru,avito.ru,,,"Да, я его вожу",в Челябинской области,,Мужчина,25-34 лет
317,48b2c9a7-140b-518f-945b-2c91e13acea8,2019-12-26 07:36:49,2019-12-26 07:37:03,12aLco5Uf8m1gJsNEH2BPL,да,'ук,drom.ru,auto.ru,avito.ru,,,"Да, я его вожу",в Челябинске,,Мужчина,35-44 лет
318,140ebab8-8ca6-598b-888f-980a4e51b79f,2019-12-26 07:50:11,2019-12-26 07:50:50,12aLco5Uf8m1gJsNEH2BPL,да,"'Авто ру
Авито
Дром",drom.ru,auto.ru,avito.ru,,,"Да, я его вожу",в Челябинской области,,Мужчина,35-44 лет
319,2bc5cee0-7fa4-5dbb-b8ac-036b83337281,2019-12-26 07:52:34,2019-12-26 07:52:54,12aLco5Uf8m1gJsNEH2BPL,да,'Авито,,,avito.ru,,,"Да, я его вожу",в Челябинской области,,Мужчина,35-44 лет
320,d29db180-9958-5bf3-b8f1-8f847e9d02e2,2019-12-26 07:59:08,2019-12-26 08:00:03,12aLco5Uf8m1gJsNEH2BPL,да,'авита авто ру,drom.ru,auto.ru,avito.ru,,,Нет,Другое (впишите свой вариант),Златоуст,Мужчина,25-34 лет
321,1e75ee88-89a8-5fbb-a05b-ea58c5353a15,2019-12-26 07:59:34,2019-12-26 07:59:59,12aLco5Uf8m1gJsNEH2BPL,да,'auto.ru,,auto.ru,,,,"Да, я его вожу",в Челябинске,,Мужчина,35-44 лет
322,da72d66d-c82e-535f-a297-9ec54d0f2a98,2019-12-26 08:30:36,2019-12-26 08:31:24,12aLco5Uf8m1gJsNEH2BPL,да,'Дром ру,drom.ru,auto.ru,,,,"Да, но я его не вожу",в Челябинске,,Мужчина,18-24 лет
323,0d30636d-d4cb-5f8a-b40f-b65a5c4264c0,2019-12-26 08:32:04,2019-12-26 08:32:50,12aLco5Uf8m1gJsNEH2BPL,да,"'Дром, авто ру",drom.ru,auto.ru,,,,Нет,в Челябинской области,,Мужчина,35-44 лет
324,3086dcff-0a0e-5adb-acf5-bba914335a28,2019-12-26 08:48:01,2019-12-26 08:48:51,12aLco5Uf8m1gJsNEH2BPL,да,'Авито,,,avito.ru,,,"Да, я его вожу",в Челябинской области,,Мужчина,35-44 лет
325,51745b6c-12e9-5c26-9230-c36276c118a8,2019-12-26 09:10:35,2019-12-26 09:10:57,12aLco5Uf8m1gJsNEH2BPL,да,'авито,,auto.ru,avito.ru,,,"Да, я его вожу",в Челябинской области,,Мужчина,35-44 лет
326,966dc879-3d59-5c5a-b232-3462b7f7a1d3,2019-12-26 09:12:48,2019-12-26 09:13:37,12aLco5Uf8m1gJsNEH2BPL,да,'Авито,,auto.ru,,,,Нет,в Челябинске,,Мужчина,18-24 лет
327,3f0e6e8c-13eb-59af-94e2-55e86cfcaa8a,2019-12-26 09:13:15,2019-12-26 09:14:19,12aLco5Uf8m1gJsNEH2BPL,да,"'Авито,drom.ru
",drom.ru,auto.ru,avito.ru,,,Нет,в Челябинске,,Мужчина,Менее 18 лет
328,7da158bb-6e33-5c1c-a4f1-624da07977aa,2019-12-26 09:36:09,2019-12-26 09:37:16,12aLco5Uf8m1gJsNEH2BPL,да,'Авто ру,,auto.ru,,,,Нет,в Челябинске,,Мужчина,Менее 18 лет
329,31f8d1ec-dcde-549b-a0f5-d84c9900c4ff,2019-12-26 09:46:21,2019-12-26 09:47:33,12aLco5Uf8m1gJsNEH2BPL,да,"'Авито, Авто ру",drom.ru,auto.ru,avito.ru,,,"Да, я его вожу",в Челябинской области,,Мужчина,45-50 лет
330,bd5609c7-7db3-5094-ab06-ca78598386a8,2019-12-26 09:49:55,2019-12-26 09:52:09,12aLco5Uf8m1gJsNEH2BPL,да,'Avito.ru avto.ru,,auto.ru,avito.ru,,,"Да, но я его не вожу",Другое (впишите свой вариант),Агаповка,Мужчина,18-24 лет
331,dd9e925e-98cb-5a62-9e76-238c76972562,2019-12-26 10:00:58,2019-12-26 10:01:37,12aLco5Uf8m1gJsNEH2BPL,да,'Авто ру,,auto.ru,,,,Нет,в Челябинской области,,Мужчина,18-24 лет
332,4236c83f-24b0-569f-93b1-72fe546c4c77,2019-12-26 10:11:42,2019-12-26 10:12:26,12aLco5Uf8m1gJsNEH2BPL,да,'Авто ру,,auto.ru,,,,"Да, я его вожу",в Челябинске,,Мужчина,18-24 лет
333,9f701390-bc39-5a00-8c47-39374303a8c0,2019-12-26 10:46:04,2019-12-26 10:46:52,12aLco5Uf8m1gJsNEH2BPL,да,'Авто.ру,,auto.ru,,,,"Да, но я его не вожу",в Челябинске,,Мужчина,Менее 18 лет
334,2dd29898-9969-50c6-9465-47ab69480d23,2019-12-26 10:50:31,2019-12-26 10:51:10,12aLco5Uf8m1gJsNEH2BPL,да,'Дром ру,drom.ru,,,,,"Да, я его вожу",в Челябинске,,Мужчина,18-24 лет
335,66877a5d-39f6-5bc6-9de8-4c5dc0ca2a20,2019-12-26 11:06:23,2019-12-26 11:08:42,12aLco5Uf8m1gJsNEH2BPL,да,"'Авито, дроом, авто-ру",,,,Я не продаю,Я не продаю,"Да, но я его не вожу",в Челябинске,,Мужчина,35-44 лет
336,c92a4472-1a61-55c6-96a4-77da206bded1,2019-12-26 11:06:32,2019-12-26 11:07:04,12aLco5Uf8m1gJsNEH2BPL,да,'Avito,,,avito.ru,,,"Да, я его вожу",в Челябинске,,Мужчина,25-34 лет
337,f4cd0c92-ec79-5779-b43c-5f45ae064da0,2019-12-26 11:12:09,2019-12-26 11:12:56,12aLco5Uf8m1gJsNEH2BPL,да,'авто.ру,,auto.ru,avito.ru,,,"Да, я его вожу",Другое (впишите свой вариант),Саратов,Мужчина,35-44 лет
338,2e2ec0c9-00ae-5681-962c-1055ecd7bcee,2019-12-26 11:14:30,2019-12-26 11:15:14,12aLco5Uf8m1gJsNEH2BPL,да,"'Дром ру, Авто ру",drom.ru,auto.ru,,,,"Да, я его вожу",в Челябинске,,Мужчина,18-24 лет
339,962aa92b-ae49-570f-b968-5cf351705ecf,2019-12-26 11:38:04,2019-12-26 11:38:48,12aLco5Uf8m1gJsNEH2BPL,да,'Авито,,,avito.ru,,,"Да, но я его не вожу",в Челябинской области,,Мужчина,18-24 лет
340,ade19fd7-759e-57b6-b774-c186ef41347e,2019-12-26 11:46:25,2019-12-26 11:46:58,12aLco5Uf8m1gJsNEH2BPL,да,'Авито,,auto.ru,,,,Нет,в Челябинской области,,Мужчина,18-24 лет
341,5a1af253-3d53-53d7-a78e-bd34fe577e63,2019-12-26 11:48:23,2019-12-26 11:49:45,12aLco5Uf8m1gJsNEH2BPL,да,"'avito, auto.ru",drom.ru,,,,,"Да, я его вожу",в Челябинской области,,Мужчина,25-34 лет
342,d5c9c058-b311-53fd-b9bc-4f926f23d12a,2019-12-26 12:11:42,2019-12-26 12:12:11,12aLco5Uf8m1gJsNEH2BPL,да,'Авито,,auto.ru,avito.ru,,,"Да, я его вожу",в Челябинской области,,Мужчина,18-24 лет
343,51a1642d-e5f2-5d4d-bab0-afe0b9437b56,2019-12-26 12:14:09,2019-12-26 12:15:02,12aLco5Uf8m1gJsNEH2BPL,да,"'Авито,Auto.ru
",,auto.ru,avito.ru,,,"Да, но я его не вожу",в Челябинской области,,Мужчина,Менее 18 лет
344,fd0f1f0f-54c2-5a98-9ffd-3ba5226bfe27,2019-12-26 12:37:31,2019-12-26 12:38:07,12aLco5Uf8m1gJsNEH2BPL,да,'Drom avito,drom.ru,auto.ru,,,,"Да, но я его не вожу",в Челябинске,,Мужчина,18-24 лет
345,327a13c7-ba52-572c-9471-45060920c935,2019-12-26 12:38:16,2019-12-26 12:39:18,12aLco5Uf8m1gJsNEH2BPL,да,"'Авито, авто. Ру, дром. Ру",drom.ru,,,,,"Да, я его вожу",в Челябинской области,,Мужчина,18-24 лет
346,e26b247d-f845-58f5-9f00-0748e88bdb7a,2019-12-26 12:59:00,2019-12-26 12:59:51,12aLco5Uf8m1gJsNEH2BPL,да,'авито автору,,auto.ru,avito.ru,,,Нет,в Челябинске,,Мужчина,35-44 лет
347,8ff12703-9846-5396-bd71-96ace5c6196d,2019-12-26 12:59:04,2019-12-26 12:59:51,12aLco5Uf8m1gJsNEH2BPL,да,'Drom.ru,drom.ru,auto.ru,,,,"Да, но я его не вожу",в Челябинске,,Мужчина,18-24 лет
348,8ebce6be-56d4-5414-8f30-b9619d0ca591,2019-12-26 12:59:40,2019-12-26 13:00:25,12aLco5Uf8m1gJsNEH2BPL,да,"'Дром.ру
",drom.ru,,,,,Нет,в Челябинске,,Мужчина,18-24 лет
349,dd380350-1223-56a6-9d26-134e2837f14b,2019-12-26 12:59:42,2019-12-26 13:01:02,12aLco5Uf8m1gJsNEH2BPL,да,"'Bmw, Mercedes's,",,auto.ru,avito.ru,,,Нет,в Челябинске,,Мужчина,18-24 лет
350,c9f8c7e3-4d88-5d86-9e59-7162e41cd618,2019-12-26 13:11:55,2019-12-26 13:12:56,12aLco5Uf8m1gJsNEH2BPL,да,"'Авто руб,  дом руб,  авито",,auto.ru,avito.ru,,,"Да, я его вожу",в Челябинске,,Мужчина,35-44 лет
351,d5a2e8a6-a558-5869-892c-a0b0a8f7e150,2019-12-26 13:34:31,2019-12-26 13:35:42,12aLco5Uf8m1gJsNEH2BPL,да,"'Авито, авто.ру",,auto.ru,,,,Нет,в Челябинской области,,Мужчина,18-24 лет
352,d095aef7-f335-582c-bf71-5517b9fd7562,2019-12-26 13:34:39,2019-12-26 13:35:25,12aLco5Uf8m1gJsNEH2BPL,да,'Авито,drom.ru,auto.ru,avito.ru,,,"Да, я его вожу",в Челябинской области,,Мужчина,18-24 лет
353,7b8e782e-6276-5360-93c7-a8b58eca4baa,2019-12-26 13:58:06,2019-12-26 13:59:08,12aLco5Uf8m1gJsNEH2BPL,да,"'Авито, Дром ру, авто ру",,,avito.ru,,,"Да, я его вожу",в Челябинской области,,Мужчина,35-44 лет
354,440f07b9-31b7-55f1-9058-b9d6a249a2b0,2019-12-26 14:00:41,2019-12-26 14:01:42,12aLco5Uf8m1gJsNEH2BPL,да,"'Авто.ру 
Авито
Юла
Дом.ру",drom.ru,auto.ru,avito.ru,,,Нет,в Челябинске,,Мужчина,18-24 лет
355,9d77102b-f057-5a6b-a52e-5516897763a9,2019-12-26 14:26:18,2019-12-26 14:26:54,12aLco5Uf8m1gJsNEH2BPL,да,'Авто.ру Авито,,auto.ru,,,,Нет,в Челябинской области,,Мужчина,18-24 лет
356,b880134d-6cdc-5b0d-af50-3080ad200112,2019-12-26 14:29:24,2019-12-26 14:31:02,12aLco5Uf8m1gJsNEH2BPL,да,'Авто ру,drom.ru,,,,,Нет,в Челябинской области,,Мужчина,18-24 лет
357,654fe054-1362-5169-be6c-959934536c6f,2019-12-26 14:41:06,2019-12-26 14:43:21,12aLco5Uf8m1gJsNEH2BPL,да,"'Авита , Юла ",,auto.ru,,Ну можно и юле,Ну можно и юле,"Да, но я его не вожу",в Челябинской области,,Мужчина,Менее 18 лет
358,e0436eb1-2f9c-5c6d-8f2d-93f6a1889413,2019-12-26 15:07:16,2019-12-26 15:09:18,12aLco5Uf8m1gJsNEH2BPL,да,'авто.ру.  Дром.ру,drom.ru,,,,,"Да, я его вожу",в Челябинске,,Мужчина,35-44 лет
359,00fc5462-8d04-5231-8207-d6756234b402,2019-12-26 15:33:31,2019-12-26 15:34:07,12aLco5Uf8m1gJsNEH2BPL,да,"'Авито, Дром",drom.ru,auto.ru,avito.ru,,,"Да, я его вожу",в Челябинске,,Мужчина,35-44 лет
360,3b8e9ea3-d0a3-5a49-8021-d0471283b9df,2019-12-26 16:18:37,2019-12-26 16:19:16,12aLco5Uf8m1gJsNEH2BPL,да,'Авто ру  авито,,auto.ru,avito.ru,,,"Да, я его вожу",в Челябинской области,,Мужчина,45-50 лет
361,9d3aecf0-f3b9-51f6-8972-860ec004801e,2019-12-26 16:43:42,2019-12-26 16:44:13,12aLco5Uf8m1gJsNEH2BPL,да,"'Авито, Drom, Юла",drom.ru,auto.ru,,,,"Да, но я его не вожу",в Челябинской области,,Мужчина,Менее 18 лет
362,33c2af33-4839-578f-ac1e-99ec54753099,2019-12-26 16:59:09,2019-12-26 17:00:36,12aLco5Uf8m1gJsNEH2BPL,да,"'Авито, юла, дром авто",drom.ru,auto.ru,avito.ru,,,"Да, я его вожу",в Челябинске,,Мужчина,18-24 лет
363,213355ac-65a6-5c30-81bb-094defeb3df5,2019-12-26 16:59:15,2019-12-26 16:59:58,12aLco5Uf8m1gJsNEH2BPL,да,"'Drom, Авито",drom.ru,,,,,Нет,в Челябинске,,Мужчина,35-44 лет
364,f59eba99-a34d-5fde-b108-82e0bc1210c2,2019-12-26 17:38:00,2019-12-26 17:39:00,12aLco5Uf8m1gJsNEH2BPL,да,'Сбербанк ру,,,avito.ru,,,"Да, я его вожу",в Челябинской области,,Мужчина,25-34 лет
365,c80a6a6a-2595-50ad-94b0-223f5bcd15a4,2019-12-26 17:51:40,2019-12-26 17:53:51,12aLco5Uf8m1gJsNEH2BPL,да,'Авто ру,drom.ru,,,,,Нет,в Челябинске,,Мужчина,25-34 лет
366,250e3d1c-f1dd-5ad1-88aa-5419a66f389b,2019-12-26 18:07:18,2019-12-26 18:08:35,12aLco5Uf8m1gJsNEH2BPL,да,'Авито,,auto.ru,avito.ru,,,Нет,в Челябинской области,,Мужчина,35-44 лет
367,cd787f99-908e-5f63-9d70-f09fd2635e09,2019-12-26 18:29:06,2019-12-26 18:30:32,12aLco5Uf8m1gJsNEH2BPL,да,'Дром. Авито.,,auto.ru,avito.ru,,,"Да, но я его не вожу",в Челябинске,,Мужчина,45-50 лет
368,15c826c6-6b2a-59b7-aaca-f47a32038489,2019-12-26 18:29:24,2019-12-26 18:30:02,12aLco5Uf8m1gJsNEH2BPL,да,'Drom.ru,drom.ru,,avito.ru,,,Нет,в Челябинской области,,Мужчина,Менее 18 лет
369,eb146d25-61ef-5939-b31a-12d84f28aa3a,2019-12-26 18:30:01,2019-12-26 18:31:05,12aLco5Uf8m1gJsNEH2BPL,да,'Авто.ру авито ,drom.ru,auto.ru,avito.ru,,,Нет,в Челябинской области,,Мужчина,18-24 лет
370,85b720df-03da-54bb-83b9-c64c72b67ca0,2019-12-26 18:30:49,2019-12-26 18:31:41,12aLco5Uf8m1gJsNEH2BPL,да,'никаких ,drom.ru,,,,,Нет,в Челябинской области,,Мужчина,Менее 18 лет
371,ce7532b7-8e82-5ce8-86d4-a0414df544d7,2019-12-26 18:31:42,2019-12-26 18:32:13,12aLco5Uf8m1gJsNEH2BPL,да,'Drom ru,drom.ru,,,,,"Да, я его вожу",в Челябинской области,,Мужчина,18-24 лет
372,3ef7e2ab-375e-5366-82a8-dba3c5a5b80e,2019-12-26 18:43:46,2019-12-26 18:44:22,12aLco5Uf8m1gJsNEH2BPL,да,"'Авито, Авто. Ру, юла",drom.ru,auto.ru,avito.ru,,,Нет,в Челябинске,,Мужчина,18-24 лет
373,15be2fa9-5026-5bfa-9e67-01ec875c6c64,2019-12-26 18:57:52,2019-12-26 18:58:32,12aLco5Uf8m1gJsNEH2BPL,да,'Авито,,,avito.ru,,,"Да, я его вожу",в Челябинской области,,Мужчина,18-24 лет
374,0987bb30-36a0-5b35-87d9-f90d82e95263,2019-12-26 19:04:36,2019-12-26 19:05:47,12aLco5Uf8m1gJsNEH2BPL,да,"'Auto. Ru, Avito",drom.ru,auto.ru,avito.ru,,,Нет,в Челябинской области,,Мужчина,45-50 лет
375,60020731-91ce-5a12-be62-d70a76a5595a,2019-12-26 19:08:03,2019-12-26 19:39:21,12aLco5Uf8m1gJsNEH2BPL,да,'Avito drom.ru auto.ru,,,avito.ru,,,"Да, но я его не вожу",в Челябинской области,,Мужчина,18-24 лет
376,1046b0d0-9d4c-5ead-8164-027f6ff9ced7,2019-12-26 19:31:36,2019-12-26 19:44:41,12aLco5Uf8m1gJsNEH2BPL,да,"'Авито , Дром.ру",,,avito.ru,,,"Да, но я его не вожу",в Челябинской области,,Мужчина,Менее 18 лет
377,f08ca279-9b1d-5092-8e66-ecdc0e3634fe,2019-12-26 19:36:15,2019-12-26 19:37:18,12aLco5Uf8m1gJsNEH2BPL,да,'Дром. ,drom.ru,,,,,"Да, но я его не вожу",в Челябинской области,,Мужчина,45-50 лет
378,faffcc66-2eed-5c9d-a7cb-447465e62b16,2019-12-26 19:51:52,2019-12-26 19:52:46,12aLco5Uf8m1gJsNEH2BPL,да,"'Avito, autodom ",drom.ru,auto.ru,avito.ru,,,"Да, я его вожу",в Челябинской области,,Мужчина,18-24 лет
379,d70f87df-aa09-57fb-8e29-0f7b0dcce325,2019-12-26 19:57:11,2019-12-26 19:57:42,12aLco5Uf8m1gJsNEH2BPL,да,'Авито,,auto.ru,,,,"Да, я его вожу",в Челябинске,,Мужчина,18-24 лет
380,93199fa0-3249-500e-981c-a700764ff627,2019-12-26 19:59:48,2019-12-26 20:00:35,12aLco5Uf8m1gJsNEH2BPL,да,'Avito ,,,avito.ru,,,Нет,в Челябинской области,,Мужчина,35-44 лет
381,b02a0be2-b094-5855-a362-4de188f71df3,2019-12-26 21:15:02,2019-12-26 21:16:38,12aLco5Uf8m1gJsNEH2BPL,да,'авито-авто,,,avito.ru,,,Нет,в Челябинской области,,Мужчина,25-34 лет
382,ec9ae67a-93c8-568b-bd6b-3b3da53ab0a2,2019-12-26 22:08:34,2019-12-26 22:09:15,12aLco5Uf8m1gJsNEH2BPL,да,'Авито ,drom.ru,auto.ru,avito.ru,,,Нет,в Челябинске,,Мужчина,25-34 лет
383,f70ab45f-a8a0-5b2b-89c2-dc3664c6e41e,2019-12-27 00:42:10,2019-12-27 00:45:05,12aLco5Uf8m1gJsNEH2BPL,да,"'Авто ру, Авито,юла",,auto.ru,,,,Нет,Другое (впишите свой вариант),Везде в границах России,Мужчина,35-44 лет
